Track,Course,Unit Number: Lesson Name,Date,Topic (Sub-Lesson),Question Text,Result,Review Flag
Machine Learning,Machine Learning Specialization,Advanced Learning Algorithms,4/13/2026 20:36:00,"Input Layer, Hidden Layer, and Output Layer",What does the output layer of a neural network typically provide?,1,
Programming Foundations,Python Data Types,04 Specialized Containers,4/14/2026 0:38:42,Frequency Analytics with Counter,What is Counter from collections used for in the lesson?,1,
Programming Foundations,Python Data Types,02 String Processing,4/14/2026 0:38:42,Dynamic f-strings,Why are f-strings useful according to the notes?,1,
Programming Foundations,Python Data Types,04 Specialized Containers,4/14/2026 0:38:44,Rich Record Modeling with dataclasses,What does @dataclass(frozen=True) mean in the notes?,0,1
Programming Foundations,Python Data Types,04 Specialized Containers,4/14/2026 0:38:44,Attribute-based Records with namedtuple,Why does the lesson position namedtuple as useful for 'record' objects?,1,1
Programming Foundations,Python Data Types,02 String Processing,4/14/2026 0:38:44,Dynamic f-strings,"In print(f'Rank rank+1: girl_name and boy_name'), why is rank+1 used?",1,
Programming Foundations,Python Data Types,04 Specialized Containers,4/14/2026 0:38:45,Boilerplate reduction with defaultdict,"In male_penguin_weights = defaultdict(list), what makes male_penguin_weights[species].append(body_mass) convenient?",1,
Programming Foundations,Python Data Types,03 Key-Value Data Modeling,4/14/2026 0:38:45,Managing Keys: .update() and .pop(),What does d.update(other_dict) do according to the lesson?,1,1
Programming Foundations,Python Data Types,03 Key-Value Data Modeling,4/14/2026 0:38:45,Safe Dictionary Access: .get() vs. [],What happens if you use d[key] and the key is missing?,1,
Programming Foundations,Python Data Types,04 Specialized Containers,4/14/2026 0:38:45,Attribute-based Records with namedtuple,"In SpeciesDetails = namedtuple('SpeciesDetails', ['species', 'sex', 'body_mass']), what does SpeciesDetails(species, sex, body_mass) create?",1,1
Programming Foundations,Python Data Types,04 Specialized Containers,4/14/2026 0:38:46,Boilerplate reduction with defaultdict,What problem does defaultdict solve according to the lesson?,1,
Programming Foundations,Python Data Types,02 String Processing,4/14/2026 0:38:46,Efficient Joining & Search Normalization,Which search tools are described as case-sensitive in the notes?,0,
Programming Foundations,Python Data Types,04 Specialized Containers,4/14/2026 0:38:46,Attribute-based Records with namedtuple,What is a namedtuple in the lesson?,1,
Programming Foundations,Python Data Types,02 String Processing,4/14/2026 0:38:47,Efficient Joining & Search Normalization,Why does the lesson recommend normalizing with .lower() before searching?,1,
Programming Foundations,Python Data Types,02 String Processing,4/14/2026 0:38:47,Dynamic f-strings,What is an f-string in the lesson?,1,
Programming Foundations,Python Data Types,01 Advanced Sequence Ops,4/14/2026 0:38:47,Tuple Unpacking & Data Integrity,What is a gotcha mentioned about tuple creation?,1,
Programming Foundations,Python Data Types,03 Key-Value Data Modeling,4/14/2026 0:38:47,Managing Keys: .update() and .pop(),"How does the lesson contrast del d[key] with d.pop(key, default)?",1,
Programming Foundations,Python Data Types,02 String Processing,4/14/2026 0:38:48,Dynamic f-strings,Which example matches the lesson’s f-string pattern?,1,
Programming Foundations,Python Data Types,01 Advanced Sequence Ops,4/14/2026 0:38:48,Tuple Unpacking & Data Integrity,What key syntax idea about tuples is emphasized in the notes?,1,
Programming Foundations,Python Data Types,03 Key-Value Data Modeling,4/14/2026 0:38:48,Safe Dictionary Access: .get() vs. [],"According to the lesson, when should you prefer [] over .get()?",1,
Programming Foundations,Python Data Types,04 Specialized Containers,4/14/2026 0:38:49,Rich Record Modeling with dataclasses,Which advantage of dataclasses is explicitly listed?,1,1
Machine Learning,Machine Learning Specialization,Supervised Machine Learning,4/14/2026 0:46:46,Clustering in Unsupervised Learning,"In the DNA microarray example, what is the algorithm trying to uncover?",1,
Machine Learning,Machine Learning Specialization,Supervised Machine Learning,4/14/2026 0:46:46,Anomaly Detection,"In a probabilistic approach to anomaly detection, how is an input x typically classified as an anomaly?",0,
Machine Learning,Machine Learning Specialization,Supervised Machine Learning,4/14/2026 0:46:46,Learning Rate and Convergence,What happens if the learning rate is too small?,1,
Machine Learning,Machine Learning Specialization,Supervised Machine Learning,4/14/2026 0:46:46,Anomaly Detection,What is anomaly detection used for in the notes?,1,
Machine Learning,Machine Learning Specialization,Supervised Machine Learning,4/14/2026 0:46:47,Clustering in Unsupervised Learning,Which statement best captures an important edge case about clustering?,1,
Machine Learning,Machine Learning Specialization,Supervised Machine Learning,4/14/2026 0:46:47,Anomaly Detection,Which scenario is the best fit for anomaly detection?,1,
Machine Learning,Machine Learning Specialization,Supervised Machine Learning,4/14/2026 0:46:48,Cost Function and Squared Error,Why is there a factor of 1/(2m) rather than just 1/m in the cost function used here?,1,
Machine Learning,Machine Learning Specialization,Supervised Machine Learning,4/14/2026 0:46:49,Gradient Descent,What is the main goal of gradient descent?,1,
Machine Learning,Machine Learning Specialization,Supervised Machine Learning,4/14/2026 0:46:49,Why Linear Regression’s Cost Function Has a Global Minimum,What does 'convex' mean in the notes’ discussion of the cost function?,1,
Machine Learning,Machine Learning Specialization,Supervised Machine Learning,4/14/2026 0:46:49,What Machine Learning Is,Why does the course frame machine learning as part of the path toward more capable AI systems?,1,
Machine Learning,Machine Learning Specialization,Supervised Machine Learning,4/14/2026 0:46:50,Gradient Descent,How does the notes’ hill analogy explain gradient descent?,1,
Machine Learning,Machine Learning Specialization,Supervised Machine Learning,4/14/2026 0:46:50,Cost Function Intuition and Model Fit,What is an important intuition from comparing different values of w in the notes?,1,
Machine Learning,Machine Learning Specialization,Supervised Machine Learning,4/14/2026 0:46:50,Anomaly Detection,What common misunderstanding does the notes’ discussion help avoid about anomaly detection?,1,
Machine Learning,Machine Learning Specialization,Supervised Machine Learning,4/14/2026 0:46:51,When to Use Machine Learning,"According to the notes, why is now a strong time to learn machine learning?,The field is shrinking",1,
Machine Learning,Machine Learning Specialization,Supervised Machine Learning,4/14/2026 0:46:51,Why Linear Regression’s Cost Function Has a Global Minimum,What misunderstanding should be avoided about gradient descent after reading this section?,1,
Machine Learning,Machine Learning Specialization,Supervised Machine Learning,4/14/2026 0:46:51,Gradient Descent for Multiple Linear Regression,What stays conceptually the same when extending gradient descent to multiple linear regression?,1,
Machine Learning,Machine Learning Specialization,Supervised Machine Learning,4/14/2026 0:46:51,When to Use Machine Learning,What mistake does the course warn against when deciding whether to use ML?,1,
Machine Learning,Machine Learning Specialization,Supervised Machine Learning,4/14/2026 0:46:52,When to Use Machine Learning,Why does the course say industries beyond software offer large ML opportunities?,1,
Machine Learning,Machine Learning Specialization,Supervised Machine Learning,4/14/2026 0:46:52,When to Use Machine Learning,When is machine learning especially appropriate for a problem?,1,
Machine Learning,Machine Learning Specialization,Supervised Machine Learning,4/14/2026 0:46:52,Anomaly Detection,What makes anomaly detection different from standard supervised learning?,1,
Machine Learning,StatQuest ML,Xgboost,4/14/2026 0:55:24,Similarity Score,What is the similarity score in XGBoost regression used for?,1,
Machine Learning,StatQuest ML,Xgboost,4/14/2026 0:55:25,Learning Rate in XGBoost,What trade-off comes with a smaller learning rate?,1,
Machine Learning,StatQuest ML,Xgboost,4/14/2026 0:55:26,Cover as a Constraint in Classification Trees,What misunderstanding should be avoided about cover in classification trees?,1,
Machine Learning,StatQuest ML,Xgboost,4/14/2026 0:55:26,Learning Rate in XGBoost,What misunderstanding should be avoided about eta?,1,
Machine Learning,StatQuest ML,Xgboost,4/14/2026 0:55:27,Similarity Score,How is the similarity score described in the notes for regression?,1,
Machine Learning,StatQuest ML,Xgboost,4/14/2026 0:55:27,Cover as a Constraint in Classification Trees,Why can cover constrain whether a classification leaf is allowed?,1,
Machine Learning,StatQuest ML,Xgboost,4/14/2026 0:55:28,Cover as a Constraint in Classification Trees,What modeling issue does cover help address?,1,
Machine Learning,StatQuest ML,Xgboost,4/14/2026 0:55:28,Similarity Score,What misunderstanding should be avoided about the similarity score?,1,
Machine Learning,StatQuest ML,Xgboost,4/14/2026 0:55:28,How Lambda Shrinks Similarity Scores,What broader modeling effect does this shrinkage support?,1,
Machine Learning,StatQuest ML,Xgboost,4/14/2026 0:55:29,Gain in XGBoost,What misunderstanding should be avoided about gain?,1,
Machine Learning,StatQuest ML,Xgboost,4/14/2026 0:55:29,XGBoost for Regression,What misunderstanding should be avoided about XGBoost regression?,1,
Machine Learning,StatQuest ML,Xgboost,4/14/2026 0:55:29,Gamma as Tree Complexity Control,What kind of branches are most affected by gamma?,0,1
Machine Learning,StatQuest ML,Xgboost,4/14/2026 0:55:30,Learning Rate in XGBoost,What is the learning rate in XGBoost called in the notes?,1,
Machine Learning,StatQuest ML,Xgboost,4/14/2026 0:55:30,Pruning with Gamma,What happens if gamma is increased?,1,
Machine Learning,StatQuest ML,Xgboost,4/14/2026 0:55:30,Choosing Splits with Gain,What misunderstanding should be avoided about split selection in XGBoost?,1,
Machine Learning,StatQuest ML,Xgboost,4/14/2026 0:55:31,How Lambda Shrinks Similarity Scores,Why can shrinking similarity scores make pruning easier?,1,
Machine Learning,StatQuest ML,Xgboost,4/14/2026 0:55:31,Pruning with Gamma,What does gamma do in XGBoost tree pruning?,1,
Machine Learning,StatQuest ML,Xgboost,4/14/2026 0:55:31,Gamma as Tree Complexity Control,Why is gamma a tree complexity control in XGBoost?,1,
Machine Learning,StatQuest ML,Xgboost,4/14/2026 0:55:32,Sequential Residual Correction in XGBoost,What misunderstanding should be avoided about XGBoost’s sequential nature?,1,
Machine Learning,StatQuest ML,Xgboost,4/14/2026 0:55:32,Gain in XGBoost,What does a negative or poor gain suggest?,1,
Machine Learning,StatQuest ML,Xgboost,4/14/2026 0:55:32,Sequential Residual Correction in XGBoost,What is the basic sequential idea in XGBoost?,1,
Machine Learning,StatQuest ML,Xgboost,4/14/2026 0:55:33,Cover as a Constraint in Classification Trees,What does cover represent in XGBoost classification?,1,
Machine Learning,StatQuest ML,Xgboost,4/14/2026 0:55:33,Sequential Residual Correction in XGBoost,Why is this called sequential correction?,1,
Machine Learning,StatQuest ML,Xgboost,4/14/2026 0:55:33,Sequential Residual Correction in XGBoost,What happens after predictions improve from one tree?,1,
Machine Learning,StatQuest ML,Xgboost,4/14/2026 0:55:34,Choosing Splits with Gain,How does XGBoost choose a split at a node?,1,
Machine Learning,StatQuest ML,Xgboost,4/14/2026 0:55:34,Gamma as Tree Complexity Control,What misunderstanding should be avoided about gamma as complexity control?,1,
Machine Learning,StatQuest ML,Xgboost,4/14/2026 0:55:34,How Lambda Shrinks Similarity Scores,How does lambda affect the similarity score numerically?,1,1
Machine Learning,StatQuest ML,Xgboost,4/14/2026 0:55:34,XGBoost for Regression,Why is XGBoost popular for tabular regression problems according to the notes?,1,
Machine Learning,StatQuest ML,Xgboost,4/14/2026 0:55:35,Choosing Splits with Gain,What happens after the best gain split is selected?,1,
Machine Learning,StatQuest ML,Xgboost,4/14/2026 0:55:36,Gamma as Tree Complexity Control,How does gamma help with overfitting?,1,
Mathematics for Machine Learning,Calculus for ML,04 Calculus in Neural Networks,4/14/2026 1:00:25,Backpropagation algorithm math,"If L depends on y_hat, y_hat depends on z, z depends on a_1, a_1 depends on z_1, and z_1 depends on w_11, what form does the notes use for ∂L/∂w_11?",1,
Mathematics for Machine Learning,Calculus for ML,04 Calculus in Neural Networks,4/14/2026 1:00:25,Activations and Activation Functions,Which of the following is true about activation functions according to the notes?,1,
Mathematics for Machine Learning,Calculus for ML,02 Multivariate Calculus,4/14/2026 1:00:25,Partial derivatives and the Gradient vector,"In the sauna example, the gradient points in which direction?",0,1
Mathematics for Machine Learning,Calculus for ML,04 Calculus in Neural Networks,4/14/2026 1:00:25,Activations and Activation Functions,"What does the term ""activation"" refer to in the context of a single neuron?",1,
Mathematics for Machine Learning,Calculus for ML,02 Multivariate Calculus,4/14/2026 1:00:26,Higher-order derivatives and the Hessian matrix,"If all eigenvalues of the Hessian are positive, how does the course classify the Hessian and the nearby shape?",1,
Programming Foundations,Python Syntax & Logic Foundations,03 Basic Data Structures,4/14/2026 1:07:00,Unique Values & Membership (Sets),What is the main purpose of a set in the lesson?,1,
Programming Foundations,Python Syntax & Logic Foundations,03 Basic Data Structures,4/14/2026 1:07:00,Unique Values & Membership (Sets),What does set(my_list) do according to the notes?,1,
Programming Foundations,Python Syntax & Logic Foundations,01 The Developer Mindset,4/14/2026 1:07:00,Documentation with Comments (#),Which statement best matches the lesson’s distinction?,1,
Programming Foundations,Python Syntax & Logic Foundations,03 Basic Data Structures,4/14/2026 1:07:02,Key-Value Relationships (Dictionaries),How do you access the value for the key 'pasta' in recipe = 'pasta': 500?,1,
Programming Foundations,Python Syntax & Logic Foundations,01 The Developer Mindset,4/14/2026 1:07:02,Python Script Mental Model,What analogy is used for a script in the notes?,1,
Programming Foundations,Python Syntax & Logic Foundations,02 Managing Data,4/14/2026 1:07:02,Arithmetic & String Operators,"Given print('ha' * 3), what output matches the lesson?",1,
Programming Foundations,Python Syntax & Logic Foundations,03 Basic Data Structures,4/14/2026 1:07:02,Ordered Collections (Lists),What index does a Python list start at according to the notes?,1,
Programming Foundations,Python Syntax & Logic Foundations,01 The Developer Mindset,4/14/2026 1:07:03,print() as a Debugging & Testing Tool,What is the lesson’s core workflow around print()?,1,
Programming Foundations,Python Syntax & Logic Foundations,04 Flow Control & Logic,4/14/2026 1:07:03,Result Building: Incrementing & Appending,Why does the lesson say this pattern matters?,1,
Programming Foundations,Python Syntax & Logic Foundations,03 Basic Data Structures,4/14/2026 1:07:03,Key-Value Relationships (Dictionaries),Which dictionary method returns key-value pairs as tuples?,1,
Mathematics for Machine Learning,Linear Algebra for ML,04 Eigenvalues and Eigenvectors,4/14/2026 1:24:49,Diagonalization of matrices,"If a 2×2 matrix has two independent eigenvectors, what does the notes imply?",1,
Mathematics for Machine Learning,Linear Algebra for ML,01 Systems of Linear Equations and Matrices,4/14/2026 1:24:50,Singularity and solvability of systems,"When Gaussian elimination produces a full row of zeros and the constant in that row is also zero, what does the notes conclude about the system?",0,
Mathematics for Machine Learning,Linear Algebra for ML,01 Systems of Linear Equations and Matrices,4/14/2026 1:24:50,Rank of a matrix,Why is rank useful for image compression according to the transcript?,1,
Mathematics for Machine Learning,Linear Algebra for ML,"03 Vector Spaces, Bases, and Projections",4/14/2026 1:24:51,Projections of vectors onto subspaces,What condition does the notebook give for the best approximation Ax̂ to b?,0,1
Mathematics for Machine Learning,Linear Algebra for ML,04 Eigenvalues and Eigenvectors,4/14/2026 1:24:52,Diagonalization of matrices,"What is the point of diagonalizing a matrix, according to the course framing?",1,1
Mathematics for Machine Learning,Linear Algebra for ML,01 Systems of Linear Equations and Matrices,4/14/2026 1:24:52,Representing systems of linear equations as matrices,According to the notes how is a system of linear equations turned into a matrix?,1,
Mathematics for Machine Learning,Linear Algebra for ML,01 Systems of Linear Equations and Matrices,4/14/2026 1:24:52,Representing systems of linear equations as matrices,"In the same setup, what does each column correspond to?",1,
Mathematics for Machine Learning,Linear Algebra for ML,01 Systems of Linear Equations and Matrices,4/14/2026 1:24:53,Singularity and solvability of systems,A matrix sends the whole plane to just a line under its linear transformation. How does the notes classify it?,1,
Mathematics for Machine Learning,Linear Algebra for ML,01 Systems of Linear Equations and Matrices,4/14/2026 1:24:53,Rank of a matrix,According to the notes what does the rank of a matrix measure in an intuitive sense?,1,
Mathematics for Machine Learning,Linear Algebra for ML,02 Vectors and Linear Transformations,4/14/2026 1:24:53,Inverse matrices and their role in transformations,"According to the notes, what is the main role of an inverse matrix?",1,
Machine Learning,Machine Learning Specialization,"Unsupervised Learning, Recommenders, Reinforcement",4/14/2026 1:34:55,Multiple Random Initializations for Better Clustering,"What is a possible outcome of an ""unlucky"" single random initialization in K-means?[cite: 3322,3326]",1,
Machine Learning,Machine Learning Specialization,"Unsupervised Learning, Recommenders, Reinforcement",4/14/2026 1:34:56,Joint Optimization of User Parameters and Item Features,What misunderstanding should be avoided about joint optimization?,1,
Machine Learning,Machine Learning Specialization,"Unsupervised Learning, Recommenders, Reinforcement",4/14/2026 1:34:56,Multiple Random Initializations for Better Clustering,What mathematical property of the K-means cost function (distortion) necessitates multiple random initializations?,1,
Machine Learning,Machine Learning Specialization,"Unsupervised Learning, Recommenders, Reinforcement",4/14/2026 1:34:57,K-Means Centroid Update Step,How is the new location of a cluster centroid calculated in the update step?,1,
Machine Learning,Machine Learning Specialization,"Unsupervised Learning, Recommenders, Reinforcement",4/14/2026 1:34:57,K-Means Centroid Update Step,What misunderstanding should be avoided about this step?,1,
Math Foundations,Calculus,01 Limits and continuity,4/16/2026 11:50:28,Estimating limits and one-sided limits,Which statement best describes a one-sided limit at x = a?,1,
Math Foundations,Calculus,01 Limits and continuity,4/16/2026 11:50:28,Estimating limits and one-sided limits,"If a graph approaches 3 from the left of x = 2 and 5 from the right of x = 2, what can be concluded about lim x→2 f(x)?",1,
Math Foundations,Calculus,01 Limits and continuity,4/16/2026 11:50:28,The Squeeze Theorem,"If −x^2 ≤ f(x) ≤ x^2 for all x near 0, then lim x→0 f(x) is:",1,
Math Foundations,Calculus,01 Limits and continuity,4/17/2026 15:27:29,Types of discontinuities,A removable discontinuity is usually shown by:,1,
Math Foundations,Calculus,01 Limits and continuity,4/17/2026 15:27:29,"Limits by direct substitution, factoring, and conjugates",Direct substitution works immediately for lim x→2 (x^2 + 3x − 1) because:,1,
Math Foundations,Calculus,01 Limits and continuity,4/17/2026 15:27:29,"Limits by direct substitution, factoring, and conjugates",Evaluate the limit: lim x→1 (x^3 - 1) / (x - 1).,1,
Math Foundations,Calculus,01 Limits and continuity,4/17/2026 15:27:30,Limits of trigonometric functions,Evaluate the limit lim x→π sin(x)/(x - π) through the use of variable substitution.,1,
Math Foundations,Calculus,01 Limits and continuity,4/17/2026 15:27:30,"Limits by direct substitution, factoring, and conjugates",Which method is most useful for finding lim x→3 (x^2 − 9)/(x − 3)?,1,
Math Foundations,Calculus,01 Limits and continuity,4/17/2026 15:32:32,Intermediate Value Theorem (IVT),"Given that f and g are continuous on [a, b], if f(a) < g(a) and f(b) > g(b), what must be true on the interval (a, b)?",1,
Math Foundations,Calculus,01 Limits and continuity,4/17/2026 15:32:32,"Limits by direct substitution, factoring, and conjugates",Which method is most useful for finding lim x→3 (x^2 − 9)/(x − 3)?,1,
Math Foundations,Calculus,01 Limits and continuity,4/17/2026 15:32:32,"Limits by direct substitution, factoring, and conjugates",Evaluate lim x→3 (x^2 − 9)/(x − 3).,1,
Math Foundations,Calculus,01 Limits and continuity,4/17/2026 15:32:32,The Squeeze Theorem,"To determine the limit of f(x) = x^2 sin(1/x) as x approaches 0, which specific bounding functions are typically utilized?",1,
Math Foundations,Calculus,01 Limits and continuity,4/17/2026 15:32:33,Limits of trigonometric functions,Calculate the multi-step limit lim x→0 tan(3x)/sin(5x) with trigonometric laws.,0,
Math Foundations,Calculus,01 Limits and continuity,4/17/2026 15:39:14,Limits of trigonometric functions,Identify the bounding inequality for the Squeeze Theorem proof of lim x→0 sin(x)/x = 1.,0,
Math Foundations,Calculus,01 Limits and continuity,4/17/2026 15:39:14,Limits of trigonometric functions,Determine the limit lim x→0 (1 - cos(x))/x^2 using trigonometric transformations.,0,
Math Foundations,Calculus,01 Limits and continuity,4/17/2026 15:39:14,Intermediate Value Theorem (IVT),Why can IVT not be applied to a function with a hole in the interval?,1,
Math Foundations,Calculus,01 Limits and continuity,4/17/2026 15:39:15,Limits of trigonometric functions,A foundational trigonometric limit is:,1,
Math Foundations,Calculus,01 Limits and continuity,4/17/2026 15:39:15,"Limits by direct substitution, factoring, and conjugates",Evaluate lim x→2 (x^2 + x − 6)/(x − 2).,1,
Math Foundations,Calculus,01 Limits and continuity,4/17/2026 15:44:43,Limits of trigonometric functions,Identify the bounding inequality for the Squeeze Theorem proof of lim x→0 sin(x)/x = 1.,1,
Math Foundations,Calculus,01 Limits and continuity,4/17/2026 15:44:43,Types of discontinuities,"If the left-hand and right-hand limits exist but are different, the discontinuity is:",1,
Math Foundations,Calculus,01 Limits and continuity,4/17/2026 15:44:43,Intermediate Value Theorem (IVT),Why can IVT not be applied to a function with a hole in the interval?,1,
Math Foundations,Calculus,01 Limits and continuity,4/17/2026 15:44:43,Intermediate Value Theorem (IVT),"For a continuous function f on [0, 5], where f(0) = -2 and f(5) = 10, what is a primary limitation of the IVT?",0,
Math Foundations,Calculus,01 Limits and continuity,4/17/2026 15:44:44,The Squeeze Theorem,Why can x·sin(1/x) be squeezed near x = 0?,0,
Programming Foundations,Object-Oriented Programming (OOP) in Python,03 Reuse & Flexibility,4/17/2026 15:48:05,Overriding & Customizing Inherited Behavior,"Why does the overriding version still call Employee.give_raise(self, new_amount)?",1,
Programming Foundations,Object-Oriented Programming (OOP) in Python,01 The OOP Framework,4/17/2026 15:48:05,Procedural vs. Object-Oriented Thinking,Which analogy is used in the notes?,1,
Programming Foundations,Object-Oriented Programming (OOP) in Python,03 Reuse & Flexibility,4/17/2026 15:48:06,Liskov Substitution Principle (LSP),Which kind of compatibility does LSP require syntactically?,1,
Programming Foundations,Object-Oriented Programming (OOP) in Python,03 Reuse & Flexibility,4/17/2026 15:48:06,Polymorphism: Programming via Interfaces,What example interface idea is given in the notes?,1,
Programming Foundations,Object-Oriented Programming (OOP) in Python,01 The OOP Framework,4/17/2026 15:48:06,Procedural vs. Object-Oriented Thinking,Which statement best reflects the lesson’s contrast?,1,
Machine Learning,Machine Learning Specialization,Advanced Learning Algorithms,4/17/2026 15:50:05,Handwritten Digit Recognition with Neural Networks,Why is handwritten digit recognition a useful example for neural networks?,1,
Machine Learning,Machine Learning Specialization,"Unsupervised Learning, Recommenders, Reinforcement",4/17/2026 15:50:05,Anomaly Detection vs. Supervised Learning,What misunderstanding should be avoided when choosing between these approaches?,1,
Machine Learning,Machine Learning Specialization,"Unsupervised Learning, Recommenders, Reinforcement",4/17/2026 15:50:06,Recommender Systems with Per-Item Features,Why can item features help recommendation?,1,
Machine Learning,Machine Learning Specialization,"Unsupervised Learning, Recommenders, Reinforcement",4/17/2026 15:50:06,When to Use Anomaly Detection,Which situation best fits anomaly detection according to the notes?,1,
Machine Learning,Machine Learning Specialization,Advanced Learning Algorithms,4/17/2026 15:50:06,Handwritten Digit Recognition with Neural Networks,Which activation function is commonly used in the hidden layers of a modern digit recognition network to help it learn complex non-linear patterns?,1,
Machine Learning,Machine Learning Specialization,Supervised Machine Learning,4/17/2026 15:54:26,Supervised vs. Unsupervised Learning,Which pairing is correct according to the notes?,1,
Machine Learning,Machine Learning Specialization,Advanced Learning Algorithms,4/17/2026 15:54:26,Building Neural Networks with TensorFlow Sequential,"When defining a 'Dense' layer within a Sequential model, which parameter is used to specify the non-linear transformation applied to that layer's output?",1,1
Machine Learning,Machine Learning Specialization,Advanced Learning Algorithms,4/17/2026 15:54:27,General Dense Layer Implementation,What does the dense function return?,1,
Machine Learning,Machine Learning Specialization,Advanced Learning Algorithms,4/17/2026 15:54:28,Building Neural Networks with TensorFlow Sequential,What misunderstanding should be avoided about Sequential models?,1,
Machine Learning,Machine Learning Specialization,Advanced Learning Algorithms,4/17/2026 15:54:28,Building Neural Networks with TensorFlow Sequential,"When calling 'model.fit(X, y, epochs=10)', what does the 'epochs' parameter represent?",1,
Machine Learning,StatQuest ML,Xgboost,4/17/2026 15:56:29,Gain for Classification Splits,What quantities are combined to compute gain for a classification split?,1,
Machine Learning,StatQuest ML,Xgboost,4/17/2026 15:56:29,Regularization with Lambda,What misunderstanding should be avoided about lambda in XGBoost?,1,
Machine Learning,StatQuest ML,Xgboost,4/17/2026 15:56:29,XGBoost vs. Gradient Boosting,What is one major difference between XGBoost and basic gradient boosting in the notes?,1,
Machine Learning,StatQuest ML,Xgboost,4/17/2026 15:56:30,Tree Depth Constraints in XGBoost,What misunderstanding should be avoided about tree depth in XGBoost?,1,
Machine Learning,StatQuest ML,Xgboost,4/17/2026 15:56:30,Initial Prediction in XGBoost,What default initial prediction is highlighted in the notes’ XGBoost explanation?,0,
Math Foundations,Statistics and Probability,03 Summarizing quantitative data (Khan Academy),4/17/2026 15:57:56,Variance and standard deviation of a population (Khan Academy),What does population standard deviation measure?,1,
Math Foundations,Statistics and Probability,09 Random variables (khanacademy.org),4/17/2026 15:57:57,Transforming random variables (khanacademy.org),"If Y = X + 3, how does the mean change?",1,
Math Foundations,Statistics and Probability,14 Inference for categorical data (chi-square tests) (khanacademy.org),4/17/2026 15:57:57,Chi-square tests for relationships (khanacademy.org),A chi-square test for relationship examines whether two variables are,1,
Math Foundations,Statistics and Probability,13 Two-sample inference for the difference between groups (httpswww.khanacademy.org),4/17/2026 15:57:57,Comparing two proportions (httpswww.khanacademy.org),"If p-hat1 = 0.60 and p-hat2 = 0.45, the observed difference is",1,
Math Foundations,Statistics and Probability,09 Random variables (khanacademy.org),4/17/2026 15:57:58,More on expected value (khanacademy.org),"If Y = X + 3, then E(Y) =",1,
Math Foundations,Statistics and Probability,04 Modeling data distributions (khanacademy.org),4/17/2026 16:08:39,More on normal distributions (khanacademy.org),"In a normal distribution, mean, median, and mode are",1,
Math Foundations,Statistics and Probability,12 Significance tests (hypothesis testing) (khanacademy.khanacademy.org),4/17/2026 16:08:39,Error probabilities and power (khanacademy.org),Increasing sample size often,1,
Math Foundations,Statistics and Probability,03 Summarizing quantitative data (Khan Academy),4/17/2026 16:08:39,Other measures of spread (Khan Academy),Which pair are both measures of spread?,1,
Math Foundations,Statistics and Probability,07 Probability (khanacademy.org),4/17/2026 16:08:40,Basic theoretical probability (khanacademy.org),"If an event is certain, its probability is",1,
Math Foundations,Statistics and Probability,04 Modeling data distributions (khanacademy.org),4/17/2026 16:08:40,More on normal distributions (khanacademy.org),Shifting the mean of a normal distribution changes,1,
Math Foundations,Statistics and Probability,05 Exploring bivariate numerical data (khanacademy.org),4/17/2026 16:08:41,Assessing the fit in least-squares regression (khanacademy.org),A good residual plot for a linear fit should show,0,
Math Foundations,Statistics and Probability,01 Analyzing categorical data (khanacademy.org),4/17/2026 16:08:41,Analyzing one categorical variable (khanacademy.org),Which display is best for a single categorical variable?,1,
Math Foundations,Statistics and Probability,03 Summarizing quantitative data (Khan Academy),4/17/2026 16:08:41,More on mean and median (Khan Academy),"Find the mean of 1, 1, 4, 8.",1,
Math Foundations,Statistics and Probability,03 Summarizing quantitative data (Khan Academy),4/17/2026 16:08:42,Other measures of spread (Khan Academy),Which measure of spread uses only the maximum and minimum?,1,
Math Foundations,Statistics and Probability,04 Modeling data distributions (khanacademy.org),4/17/2026 16:08:42,Effects of linear transformations (khanacademy.org),"If every value in a data set increases by 7, what happens to the mean?",0,
Math Foundations,Statistics and Probability,03 Summarizing quantitative data (Khan Academy),4/17/2026 16:08:42,Other measures of spread (Khan Academy),"If two data sets have the same range, what must be true?",0,
Math Foundations,Statistics and Probability,05 Exploring bivariate numerical data (khanacademy.org),4/17/2026 16:08:43,Assessing the fit in least-squares regression (khanacademy.org),Which value of r^2 indicates a stronger linear fit?,1,
Math Foundations,Statistics and Probability,04 Modeling data distributions (khanacademy.org),4/17/2026 16:08:43,Effects of linear transformations (khanacademy.org),"If every value increases by 3, what happens to the median?",1,
Math Foundations,Statistics and Probability,04 Modeling data distributions (khanacademy.org),4/17/2026 16:08:43,Density curves (khanacademy.org),Which statement is true for any density curve?,1,
Math Foundations,Statistics and Probability,03 Summarizing quantitative data (Khan Academy),4/17/2026 16:08:43,More on mean and median (Khan Academy),"If a distribution is strongly right-skewed, which center is often preferred?",1,
Math Foundations,College Algebra,08 Rational expressions and equations,4/18/2026 11:30:00,Solving rational equations and modeling,What must always be checked after solving a rational equation?,1,
Math Foundations,College Algebra,05 Quadratic functions and equations,4/18/2026 11:30:00,The Quadratic Formula,The quadratic formula solves ax^2 + bx + c = 0 using:,1,
Math Foundations,College Algebra,07 Exponents and radicals,4/18/2026 11:30:02,Graphing exponential growth and decay,An exponential decay function has base:,1,
Math Foundations,College Algebra,07 Exponents and radicals,4/18/2026 11:30:02,Graphing exponential growth and decay,Which function shows exponential decay?,1,
Math Foundations,College Algebra,08 Rational expressions and equations,4/18/2026 11:30:02,Solving rational equations and modeling,Why can multiplying both sides by the least common denominator help solve a rational equation?,1,
Math Foundations,College Algebra,05 Quadratic functions and equations,4/18/2026 11:30:03,The Quadratic Formula,"For x^2 − 5x + 6 = 0, the discriminant is:",1,
Math Foundations,College Algebra,14 Logarithms,4/18/2026 11:30:03,Properties of logarithms and Change of Base formula,Expand log_3(x^2y).,1,
Math Foundations,College Algebra,02 Graphs and forms of linear equations,4/18/2026 11:30:03,Intercepts and Slope,"For the line y = 3x − 2, the y-intercept is:",1,
Math Foundations,College Algebra,02 Graphs and forms of linear equations,4/18/2026 11:30:04,Intercepts and Slope,The x-intercept occurs where:,0,
Math Foundations,College Algebra,14 Logarithms,4/18/2026 11:30:04,Properties of logarithms and Change of Base formula,Use change of base to rewrite log_2(7).,1,
Math Foundations,College Algebra,02 Graphs and forms of linear equations,4/18/2026 11:33:34,"Slope-intercept form, Point-slope form, and Standard form",Standard form is most commonly written as:,0,
Math Foundations,College Algebra,01 Linear equations and inequalities,4/18/2026 11:33:34,Absolute value equations,Solve: |2x + 1| = 7.,1,
Math Foundations,College Algebra,14 Logarithms,4/18/2026 11:33:34,Introduction to logarithms and evaluation,Which expression means 'the exponent to which 10 must be raised to get 100'?,1,
Math Foundations,College Algebra,06 Complex numbers,4/18/2026 11:33:34,Complex conjugates and dividing complex numbers,A common error when using conjugates is to:,1,
Math Foundations,College Algebra,02 Graphs and forms of linear equations,4/18/2026 11:33:34,Parallel and perpendicular lines,Which line is perpendicular to y = −4x + 7?,1,
Math Foundations,College Algebra,01 Linear equations and inequalities,4/18/2026 11:33:35,Absolute value equations,Solve: |x| = 5.,1,
Math Foundations,College Algebra,12 Transformations of functions,4/18/2026 11:33:35,Scaling functions vertically,"If f(x) = x + 1, what is g(x) = 4f(x)?",1,
Math Foundations,College Algebra,01 Linear equations and inequalities,4/18/2026 11:33:36,Modeling with linear equations,"A line with slope −2 through (0, 6) has equation:",1,
Math Foundations,College Algebra,02 Graphs and forms of linear equations,4/18/2026 11:33:36,"Slope-intercept form, Point-slope form, and Standard form","Which equation is in point-slope form for the line through (2,-1) with slope 3?",1,
Math Foundations,College Algebra,06 Complex numbers,4/18/2026 11:33:37,"Adding, subtracting, and multiplying complex numbers",Add: (3 + 2i) + (1 − 5i).,1,
Math Foundations,College Algebra,08 Rational expressions and equations,4/18/2026 11:49:15,Adding and subtracting rational expressions,Simplify 1/x + 1/2.,1,
Math Foundations,College Algebra,03 Functions,4/18/2026 11:49:15,"Intervals (Positive/Negative, Increasing/Decreasing)","For f(x) = -x^2 + 4x, on which interval is f increasing?",1,
Math Foundations,College Algebra,03 Functions,4/18/2026 11:49:15,"Intervals (Positive/Negative, Increasing/Decreasing)","If a graph lies below the x-axis on an interval, what does that tell you?",1,
Math Foundations,College Algebra,03 Functions,4/18/2026 11:49:16,"Intervals (Positive/Negative, Increasing/Decreasing)","If f'(x) > 0 on an interval, what must be true about f on that interval?",1,
Math Foundations,College Algebra,11 Advanced function types,4/18/2026 11:49:16,Absolute value and piecewise functions,Evaluate |−7|.,1,
Math Foundations,College Algebra,03 Functions,4/18/2026 11:49:17,"Intervals (Positive/Negative, Increasing/Decreasing)","For f(x) = x^2 - 4, on which interval is f(x) negative?",1,
Math Foundations,College Algebra,11 Advanced function types,4/18/2026 11:49:17,Absolute value and piecewise functions,"If f(x) = x when x ≥ 0 and f(x) = -x when x < 0, what is f(-3)?",1,
Math Foundations,College Algebra,13 Rational exponents and radicals,4/18/2026 11:49:17,Solving square-root and exponential equations,Solve 3^(x+1) = 27.,1,
Math Foundations,College Algebra,11 Advanced function types,4/18/2026 11:49:18,Verifying inverse functions,Which statement verifies that f and g are inverse functions?,1,
Math Foundations,College Algebra,03 Functions,4/18/2026 11:49:19,"Intervals (Positive/Negative, Increasing/Decreasing)","For f(x) = -x^2 + 6x, on which interval is f increasing?",1,
Math Foundations,College Algebra,03 Functions,4/18/2026 12:01:19,Introduction to inverse functions,"If f(3) = 8 and f is invertible, then f^−1(8) =",0,
Math Foundations,College Algebra,03 Functions,4/18/2026 12:01:20,Evaluating functions and function notation,Function notation f(a + h) means:,1,
Math Foundations,College Algebra,11 Advanced function types,4/18/2026 12:01:22,Composite functions,"If f(x) = √x and g(x) = x - 1, what is the domain of (f∘g)(x)?",0,
Math Foundations,College Algebra,03 Functions,4/18/2026 12:01:22,Evaluating functions and function notation,"If f(x) = 2x + 1, then f(3) =",1,
Math Foundations,College Algebra,08 Rational expressions and equations,4/18/2026 12:01:23,"Reducing, multiplying, and dividing rational expressions",Multiply (2x/3)·(9/x^2).,1,
Math Foundations,College Algebra,09 Relating algebra and geometry,4/18/2026 12:01:23,Standard and expanded equations of a circle,Why is x^2 + y^2 + 6x - 8y + 9 = 0 not yet in standard form?,1,
Math Foundations,College Algebra,09 Relating algebra and geometry,4/18/2026 12:01:24,Standard and expanded equations of a circle,Expand (x-2)^2 + (y+1)^2 = 9.,1,
Math Foundations,College Algebra,01 Linear equations and inequalities,4/18/2026 12:01:24,"Equations with parentheses, decimals, and fractions",Solve: 3(x − 2) = 9.,1,
Math Foundations,College Algebra,08 Rational expressions and equations,4/18/2026 12:01:25,"Reducing, multiplying, and dividing rational expressions",Simplify (x^2 - 16)/(x^2 - 4x).,0,
Math Foundations,College Algebra,05 Quadratic functions and equations,4/18/2026 12:01:25,Vertex form and features of quadratic graphs,The vertex form of a quadratic is:,1,
Math Foundations,College Algebra,04 Quadratics Multiplying and factoring,4/18/2026 13:05:52,Multiplying binomials and special products,A common error when squaring a binomial is to:,1,
Math Foundations,College Algebra,07 Exponents and radicals,4/18/2026 13:05:53,Simplifying square-root expressions,√(ab) = √a · √b is valid in this course when:,0,
Math Foundations,College Algebra,07 Exponents and radicals,4/18/2026 13:05:55,Exponent properties (integer exponents),x^(−2) =,1,
Math Foundations,College Algebra,03 Functions,4/18/2026 13:05:55,Recognizing functions from tables and graphs,"If a table lists x = 2 paired with y = 5 and y = 7, then the relation is:",1,
Math Foundations,College Algebra,03 Functions,4/18/2026 13:05:55,Domain and range,What is the domain of f(x) = 1/(x − 3)?,1,
Math Foundations,College Algebra,03 Functions,4/18/2026 13:05:55,Domain and range,The domain of a function is the set of:,1,
Math Foundations,College Algebra,03 Functions,4/18/2026 13:05:56,Recognizing functions from tables and graphs,A relation is a function if each x-value has:,1,
Math Foundations,College Algebra,09 Relating algebra and geometry,4/18/2026 13:05:56,Distance and Midpoint formulas,"Find the midpoint of (-1,3) and (5,-1).",1,
Math Foundations,College Algebra,03 Functions,4/18/2026 13:05:56,Recognizing functions from tables and graphs,Which graph test checks whether a graph represents a function?,1,
Math Foundations,College Algebra,01 Linear equations and inequalities,4/18/2026 13:05:56,Number of solutions to equations,"If an equation simplifies to 5 = −1, then it has:",1,
Math Foundations,College Algebra,12 Transformations of functions,4/18/2026 13:17:12,Shifting and reflecting functions,"If f(x) = x^2, what is y = -f(x)?",1,
Math Foundations,College Algebra,05 Quadratic functions and equations,4/18/2026 13:17:12,"Solving quadratics by square roots, factoring, and completing the square",Solve x^2 = 49.,1,
Math Foundations,College Algebra,05 Quadratic functions and equations,4/18/2026 13:17:12,"Solving quadratics by square roots, factoring, and completing the square",Solve x^2 − 5x + 6 = 0 by factoring.,1,
Math Foundations,College Algebra,06 Complex numbers,4/18/2026 13:17:13,The imaginary unit i,i^4 =,1,
Math Foundations,College Algebra,12 Transformations of functions,4/18/2026 13:17:14,Symmetry (Even and Odd functions),Which function is even?,1,
Math Foundations,College Algebra,04 Quadratics Multiplying and factoring,4/18/2026 13:17:14,"Factoring quadratics (intro, grouping, difference of squares, perfect squares)",Factor x^2 + 6x + 9.,1,
Math Foundations,College Algebra,05 Quadratic functions and equations,4/18/2026 13:17:14,"Solving quadratics by square roots, factoring, and completing the square",Why can completing the square solve any quadratic with leading coefficient 1?,1,
Math Foundations,College Algebra,10 Polynomial arithmetic,4/18/2026 13:17:15,"Adding, subtracting, and factoring higher-degree polynomials",Why is factoring useful before solving a polynomial equation?,1,
Math Foundations,College Algebra,01 Linear equations and inequalities,4/18/2026 13:17:15,Multi-step and compound inequalities,The solution to a compound inequality joined by 'and' is the:,1,
Math Foundations,College Algebra,14 Logarithms,4/18/2026 13:17:15,Relationship between exponentials and logs,Which equation is equivalent to 2^3 = 8?,1,
Math Foundations,College Algebra,05 Quadratic functions and equations,4/18/2026 13:22:49,The Quadratic Formula,"For x^2 − 5x + 6 = 0, the discriminant is:",1,
Math Foundations,College Algebra,14 Logarithms,4/18/2026 13:22:49,Properties of logarithms and Change of Base formula,Expand log_3(x^2y).,1,
Math Foundations,College Algebra,05 Quadratic functions and equations,4/18/2026 13:22:49,The Quadratic Formula,"If b^2 − 4ac < 0, a quadratic has:",1,
Math Foundations,College Algebra,14 Logarithms,4/18/2026 13:22:50,Properties of logarithms and Change of Base formula,Which property is correct for positive x and y?,1,
Math Foundations,College Algebra,10 Polynomial arithmetic,4/18/2026 13:22:50,Average rate of change of polynomials,"For f(x) = x^2, find the average rate of change on [1,3].",1,
Math Foundations,College Algebra,07 Exponents and radicals,4/18/2026 13:26:05,Graphing exponential growth and decay,Which function shows exponential decay?,1,
Math Foundations,College Algebra,05 Quadratic functions and equations,4/18/2026 13:26:05,Interpreting quadratic models,Zeros of a quadratic model in context often represent:,1,
Math Foundations,College Algebra,14 Logarithms,4/18/2026 13:26:06,Introduction to logarithms and evaluation,Evaluate log_2(8).,1,
Math Foundations,College Algebra,02 Graphs and forms of linear equations,4/18/2026 13:26:06,Parallel and perpendicular lines,Two distinct vertical lines are:,1,
Math Foundations,College Algebra,02 Graphs and forms of linear equations,4/18/2026 13:26:06,Intercepts and Slope,"The slope of a line through (x1, y1) and (x2, y2) is:",1,
Math Foundations,College Algebra,13 Rational exponents and radicals,4/18/2026 13:29:28,Rational exponents and properties,Which property is valid for positive a and b?,1,
Math Foundations,College Algebra,13 Rational exponents and radicals,4/18/2026 13:29:28,Rational exponents and properties,Simplify (x^(2/3))^3.,0,
Math Foundations,College Algebra,14 Logarithms,4/18/2026 13:36:11,Exponential model word problems,A bacteria culture doubles every hour and starts with 12 cells. How many cells after 3 hours?,1,
Math Foundations,College Algebra,14 Logarithms,4/18/2026 13:36:12,Exponential model word problems,An investment of 2000 loses 5% each year. What is its value after 1 year?,1,
Programming Foundations,Python Data Types,01 Advanced Sequence Ops,4/18/2026 13:38:13,Tuple Unpacking & Data Integrity,What is a gotcha mentioned about tuple creation?,1,
Programming Foundations,Python Data Types,01 Advanced Sequence Ops,4/18/2026 13:38:13,"List Extension, Location, & Removal","Location,& Removal,If baby_names.index('Rowen') is called when 'Rowen' is not present, what should you expect?",0,
Programming Foundations,Python Syntax & Logic Foundations,03 Basic Data Structures,4/18/2026 13:41:48,Immutable Ordered Data (Tuples),Why does the lesson say tuples matter?,1,
Programming Foundations,Python Syntax & Logic Foundations,02 Managing Data,4/18/2026 13:41:49,Variables as Labeled Containers,Which example matches the lesson’s convention best?,1,
Programming Foundations,Python Syntax & Logic Foundations,04 Flow Control & Logic,4/18/2026 13:41:49,Repeating over Iterables (For Loops),What does the lesson call the placeholder name for each item during the loop?,1,
Programming Foundations,Python Syntax & Logic Foundations,04 Flow Control & Logic,4/18/2026 13:41:49,Conditional Repetition (While Loops),"In the example with items_added += 1, why is that line essential?",1,
Programming Foundations,Python Syntax & Logic Foundations,04 Flow Control & Logic,4/18/2026 13:41:49,Conditional Repetition (While Loops),How does the lesson contrast while with if?,1,
Programming Foundations,Python Syntax & Logic Foundations,04 Flow Control & Logic,4/18/2026 13:41:50,Conditionals & Comparison Operators,What interesting comparison note is included in the lesson?,1,
Programming Foundations,Python Syntax & Logic Foundations,03 Basic Data Structures,4/18/2026 13:41:50,Immutable Ordered Data (Tuples),Which description best matches a tuple in the lesson?,1,
Programming Foundations,Python Syntax & Logic Foundations,02 Managing Data,4/18/2026 13:41:50,"Multi-line Strings ("""""")","In the example recipe_steps = ''' ... ''' conceptually, what is being stored?",0,
Programming Foundations,Python Syntax & Logic Foundations,04 Flow Control & Logic,4/18/2026 13:41:51,Repeating over Iterables (For Loops),Which objects are explicitly listed as things a for loop can iterate over?,1,
Programming Foundations,Python Syntax & Logic Foundations,04 Flow Control & Logic,4/18/2026 13:41:51,"Workflow Keywords: in, not, and, or","not,and,or,What does not do?",1,
Programming Foundations,Python Syntax & Logic Foundations,02 Managing Data,4/18/2026 13:43:49,Variables as Labeled Containers,What is a variable in the lesson’s mental model?,1,
Programming Foundations,Python Syntax & Logic Foundations,02 Managing Data,4/18/2026 13:43:50,"Multi-line Strings ("""""")",Which use case is explicitly mentioned for multi-line strings?,1,
Programming Foundations,Python Syntax & Logic Foundations,02 Managing Data,4/18/2026 13:43:50,"Basic Data Types: str, int, float, bool","int,float,bool,What is the capitalization rule for booleans in Python from the lesson?",0,
Programming Foundations,Python Syntax & Logic Foundations,02 Managing Data,4/18/2026 13:46:08,Inspection with type(),Why is type() especially useful in the notes?,1,
Programming Foundations,Python Syntax & Logic Foundations,02 Managing Data,4/18/2026 13:46:08,Inspection with type(),What does type(x) return according to the lesson?,1,
Programming Foundations,"Modularity, Packages & Robust Code",03 Advanced Functional Tools,4/19/2026 13:03:55,Mapping Functions with map(),"What does map(function, iterable) do in the lesson?",1,
Programming Foundations,"Modularity, Packages & Robust Code",01 Leveraging Existing Tools,4/19/2026 13:03:55,Standard Modules: os and string,Which statement correctly matches the purpose of the os module in the notes?,1,
Programming Foundations,"Modularity, Packages & Robust Code",03 Advanced Functional Tools,4/19/2026 13:03:55,Mapping Functions with map(),Why does the lesson wrap cap with list(cap) after using map()?,1,
Programming Foundations,"Modularity, Packages & Robust Code",01 Leveraging Existing Tools,4/19/2026 13:03:56,Standard Modules: os and string,What does os.getcwd() return?,1,
Programming Foundations,"Modularity, Packages & Robust Code",04 Error Handling & Debugging,4/19/2026 13:03:56,Recovery with try/except,What is the main goal of try/except in the lesson?,1,
Programming Foundations,"Modularity, Packages & Robust Code",01 Leveraging Existing Tools,4/19/2026 13:03:56,Public Libraries: pandas for Dataframes,Which expression creates a DataFrame from a dictionary in the lesson?,1,
Programming Foundations,"Modularity, Packages & Robust Code",02 Custom Function Design,4/19/2026 13:03:56,Documentation with Docstrings,What multi-line docstring structure is shown in the lesson?,1,
Programming Foundations,"Modularity, Packages & Robust Code",02 Custom Function Design,4/19/2026 13:03:57,Documentation with Docstrings,Where should a docstring be placed according to the notes?,1,
Programming Foundations,"Modularity, Packages & Robust Code",01 Leveraging Existing Tools,4/19/2026 13:03:57,Built-in Functions for Efficiency,What does sorted(iterable) return according to the notes?,0,
Programming Foundations,"Modularity, Packages & Robust Code",04 Error Handling & Debugging,4/19/2026 13:13:14,Recovery with try/except,"In the OOP lesson’s invert_at_index example, what specific errors are handled?",0,
Programming Foundations,"Modularity, Packages & Robust Code",04 Error Handling & Debugging,4/19/2026 13:13:14,Enforcing Rules with raise,Why is raising a custom message useful?,1,
Programming Foundations,"Modularity, Packages & Robust Code",02 Custom Function Design,4/19/2026 13:13:14,"Positional, Keyword, & Default Arguments","Keyword,& Default Arguments,In def average(values, rounded=False):, what happens if you call average(preparation_times) with one argument?",1,
Programming Foundations,"Modularity, Packages & Robust Code",01 Leveraging Existing Tools,4/19/2026 13:13:14,Standard Modules: os and string,Which item comes from the string module as shown in the notes?,1,
Programming Foundations,"Modularity, Packages & Robust Code",03 Advanced Functional Tools,4/19/2026 13:13:15,Arbitrary Inputs: *args and **kwargs,What does **kwargs collect inside a function?,1,
Programming Foundations,"Modularity, Packages & Robust Code",01 Leveraging Existing Tools,4/19/2026 13:16:44,Public Libraries: pandas for Dataframes,Which expression creates a DataFrame from a dictionary in the lesson?,1,
Programming Foundations,"Modularity, Packages & Robust Code",04 Error Handling & Debugging,4/19/2026 13:16:44,Enforcing Rules with raise,How does the lesson contrast raise with try/except?,1,
Programming Foundations,"Modularity, Packages & Robust Code",04 Error Handling & Debugging,4/19/2026 13:16:44,Recovery with try/except,"In the average_safe example, what happens if a TypeError occurs?",1,
Programming Foundations,"Modularity, Packages & Robust Code",02 Custom Function Design,4/19/2026 13:16:46,Documentation with Docstrings,Where should a docstring be placed according to the notes?,1,
Programming Foundations,"Modularity, Packages & Robust Code",04 Error Handling & Debugging,4/19/2026 13:16:46,Recovery with try/except,Which structure correctly matches the lesson’s pattern?,1,
Programming Foundations,"Modularity, Packages & Robust Code",01 Leveraging Existing Tools,4/19/2026 13:23:39,Standard Modules: os and string,Which statement correctly matches the purpose of the os module in the notes?,1,
Programming Foundations,"Modularity, Packages & Robust Code",01 Leveraging Existing Tools,4/19/2026 13:23:39,Public Libraries: pandas for Dataframes,What is pandas described as in the lesson?,1,
Programming Foundations,"Modularity, Packages & Robust Code",01 Leveraging Existing Tools,4/19/2026 13:23:39,Public Libraries: pandas for Dataframes,What is df.info() used for in the lesson?,1,
Programming Foundations,"Modularity, Packages & Robust Code",02 Custom Function Design,4/19/2026 13:23:41,"Positional, Keyword, & Default Arguments","Keyword,& Default Arguments,Which call style is a keyword-argument example from the notes?",0,
Programming Foundations,"Modularity, Packages & Robust Code",01 Leveraging Existing Tools,4/19/2026 13:23:41,Standard Modules: os and string,What does os.getcwd() return?,1,
Programming Foundations,"Modularity, Packages & Robust Code",01 Leveraging Existing Tools,4/19/2026 13:35:33,Global Functions vs. Object-specific Methods,Which example from the notes is a function rather than a method?,1,
Programming Foundations,"Modularity, Packages & Robust Code",03 Advanced Functional Tools,4/19/2026 13:35:33,Lambda Functions for Fast Transformations,What is a lambda function in the lesson?,1,
Programming Foundations,"Modularity, Packages & Robust Code",04 Error Handling & Debugging,4/19/2026 13:35:33,Recovery with try/except,Why is try/except useful according to the notes?,1,
Programming Foundations,"Modularity, Packages & Robust Code",03 Advanced Functional Tools,4/19/2026 13:35:34,Lambda Functions for Fast Transformations,Why would a custom def usually be preferred over lambda for more complex logic?,1,
Programming Foundations,"Modularity, Packages & Robust Code",03 Advanced Functional Tools,4/19/2026 13:35:34,Mapping Functions with map(),What kind of object does map() return according to the notes?,1,
Programming Foundations,"Modularity, Packages & Robust Code",02 Custom Function Design,4/19/2026 13:37:37,Documentation with Docstrings,Which tool shows the full help output including a function’s docstring and signature?,1,
Programming Foundations,"Modularity, Packages & Robust Code",01 Leveraging Existing Tools,4/19/2026 13:37:37,Global Functions vs. Object-specific Methods,Which example from the notes is a function rather than a method?,1,
Programming Foundations,"Modularity, Packages & Robust Code",01 Leveraging Existing Tools,4/19/2026 13:37:38,Public Libraries: pandas for Dataframes,Which import style is the stated convention in the notes?,0,
Programming Foundations,"Modularity, Packages & Robust Code",04 Error Handling & Debugging,4/19/2026 13:37:38,Reading Tracebacks & Exception Types,What is a traceback according to the lesson?,1,
Programming Foundations,"Modularity, Packages & Robust Code",02 Custom Function Design,4/19/2026 13:37:38,Documentation with Docstrings,What multi-line docstring structure is shown in the lesson?,1,
Programming Foundations,"Modularity, Packages & Robust Code",02 Custom Function Design,4/19/2026 13:39:04,The DRY Principle (Don’t Repeat Yourself),How does the lesson position DRY relative to simpler tools?,1,
Programming Foundations,"Modularity, Packages & Robust Code",02 Custom Function Design,4/19/2026 13:39:04,The DRY Principle (Don’t Repeat Yourself),What does DRY stand for in the lesson?,1,
Programming Foundations,"Modularity, Packages & Robust Code",02 Custom Function Design,4/19/2026 13:39:04,The DRY Principle (Don’t Repeat Yourself),Which example best reflects the DRY idea from the lesson?,1,
Programming Foundations,"Modularity, Packages & Robust Code",02 Custom Function Design,4/19/2026 13:39:05,The DRY Principle (Don’t Repeat Yourself),When does the lesson suggest writing a custom function?,1,
Programming Foundations,"Modularity, Packages & Robust Code",02 Custom Function Design,4/19/2026 13:39:05,Documentation with Docstrings,What is a docstring in the lesson?,1,
Programming Foundations,Efficient Iteration & Memory Optimization,01 The Iterator Protocol,4/19/2026 13:44:01,Iterable vs. Iterator Mental Model,Which analogy matches the notes?,1,
Programming Foundations,Efficient Iteration & Memory Optimization,04 Lazy Evaluation & Big Data,4/19/2026 13:44:01,Custom Generators with yield,"In def count_up_to(n): ... yield i ... i += 1, what happens on the next request for a value?",0,
Programming Foundations,Efficient Iteration & Memory Optimization,02 Iteration Helpers,4/19/2026 13:44:01,Index Tracking with enumerate(),"In the pattern for i, name in enumerate(avengers, start=1), what does i represent?",1,
Programming Foundations,Efficient Iteration & Memory Optimization,02 Iteration Helpers,4/19/2026 13:44:03,Stitching Data with zip(),"What does zip(a, b) produce in the lesson?",1,
Programming Foundations,Efficient Iteration & Memory Optimization,02 Iteration Helpers,4/19/2026 13:44:03,Stitching Data with zip(),What does zip help you do conceptually?,1,
Programming Foundations,Efficient Iteration & Memory Optimization,01 The Iterator Protocol,4/19/2026 13:44:03,Iterable vs. Iterator Mental Model,Which choice correctly matches the lesson’s mental model?,1,
Programming Foundations,Efficient Iteration & Memory Optimization,04 Lazy Evaluation & Big Data,4/19/2026 13:44:04,Custom Generators with yield,Which practical use is explicitly mentioned for generator functions?,1,
Programming Foundations,Efficient Iteration & Memory Optimization,01 The Iterator Protocol,4/19/2026 13:44:04,Manual Control with iter() and next(),"Given nums = [10, 20, 30]; it = iter(nums); next(it); next(it), what value is returned by the second call?",1,
Programming Foundations,Efficient Iteration & Memory Optimization,01 The Iterator Protocol,4/19/2026 13:44:04,Iterable vs. Iterator Mental Model,"Why can Python loop over lists, strings, ranges, dicts, and files according to the lesson?",0,
Programming Foundations,Efficient Iteration & Memory Optimization,01 The Iterator Protocol,4/19/2026 13:44:05,Unpacking & Consuming with the * Operator,What does the * operator do to an iterator in the lesson’s examples?,1,
Programming Foundations,Efficient Iteration & Memory Optimization,04 Lazy Evaluation & Big Data,4/19/2026 13:44:05,Custom Generators with yield,What does yield do when executed?,1,
Programming Foundations,Efficient Iteration & Memory Optimization,02 Iteration Helpers,4/19/2026 13:44:05,Iterating Dictionary .items(),"If hero_powers = 'Iron Man': 'Suit', 'Thor': 'Hammer', what do hero and power represent inside for hero, power in hero_powers.items():?",1,
Programming Foundations,Efficient Iteration & Memory Optimization,02 Iteration Helpers,4/19/2026 13:44:06,Index Tracking with enumerate(),What extra information does enumerate(iterable) add while looping?,1,
Programming Foundations,Efficient Iteration & Memory Optimization,02 Iteration Helpers,4/19/2026 13:44:06,Stitching Data with zip(),"If avengers = ['Hulk', 'Thor'] and names = ['Bruce', 'Thor'], what is the first tuple from zip(avengers, names)?",1,
Programming Foundations,Efficient Iteration & Memory Optimization,04 Lazy Evaluation & Big Data,4/19/2026 13:44:06,Generator Expressions (Memory-Safe),What happens if you convert a generator to list(gen)?,1,
Math Foundations,Trigonometry,01 Right triangles & trigonometry,4/19/2026 13:46:19,Introduction to the trigonometric ratios,sin(θ) in a right triangle is:,1,
Math Foundations,Trigonometry,02 Trigonometric functions,4/19/2026 13:46:19,Radians & Degrees,How many degrees are in π radians?,1,
Math Foundations,Trigonometry,03 Non-right triangles & trigonometry,4/19/2026 13:46:19,Law of sines,Why can the SSA case be ambiguous?,1,
Math Foundations,Trigonometry,04 Trigonometric equations and identities,4/19/2026 13:46:19,Solving sinusoidal equations,Solve cos(x) = 1 on 0 ≤ x < 2π.,1,
Math Foundations,Trigonometry,02 Trigonometric functions,4/19/2026 13:46:20,Modeling with sinusoidal functions (including phase shift),A sinusoidal model is appropriate when data show,1,
Machine Learning,Machine Learning Specialization,Advanced Learning Algorithms,4/19/2026 15:27:08,Choosing Activation Functions for Output Layers,Why does the correct output activation depend on the target y?,1,
Machine Learning,Machine Learning Specialization,"Unsupervised Learning, Recommenders, Reinforcement",4/19/2026 15:27:08,Density Estimation for Anomaly Detection,What does density estimation mean in anomaly detection?,1,
Machine Learning,Machine Learning Specialization,Advanced Learning Algorithms,4/19/2026 15:27:10,Neural Network Architecture,Which of the following describes the 'width' of a hidden layer?,1,
Machine Learning,Machine Learning Specialization,"Unsupervised Learning, Recommenders, Reinforcement",4/19/2026 15:27:10,Binary Label Recommender Systems,What changes when a recommender system uses binary labels instead of numeric ratings?,1,
Machine Learning,Machine Learning Specialization,"Unsupervised Learning, Recommenders, Reinforcement",4/19/2026 15:27:10,Density Estimation for Anomaly Detection,What is the role of p(x_test) in the notes’ anomaly framework?,1,
Mathematics for Machine Learning,Prob & Stats for ML,02 Probability Theory Foundations,4/19/2026 15:40:38,"Sample spaces, events, and axioms of probability",Why does the notes warn against treating overlapping events as disjoint?,1,
Mathematics for Machine Learning,Prob & Stats for ML,06 Advanced Statistical Applications,4/19/2026 15:40:38,Introduction to Bayesian Statistics and Inference,"According to the notes, what is the core Bayesian move?",1,
Mathematics for Machine Learning,Prob & Stats for ML,04 Statistical Inference,4/19/2026 15:40:40,MLE and MAP estimation,What extra ingredient does MAP include beyond MLE?,1,
Mathematics for Machine Learning,Prob & Stats for ML,01 Descriptive Stats and Data Viz,4/19/2026 15:40:40,Covariance and Correlation (Pearson and Spearman),What does a negative covariance suggest?,1,
Mathematics for Machine Learning,Prob & Stats for ML,01 Descriptive Stats and Data Viz,4/19/2026 15:40:40,"Measures of central tendency (Mean, Median, Mode)",According to the notes what is the mean intended to represent?,1,
Mathematics for Machine Learning,Calculus for ML,01 Derivatives and Optimization,4/19/2026 15:44:40,Finding local minima and maxima,"On a closed interval, what extra check does the notes require in optimization besides testing critical points?",1,
Mathematics for Machine Learning,Calculus for ML,03 Optimization in Higher Dimensions,4/19/2026 15:44:40,Newton's Method for optimization,What update formula does the notes give for Newton's method in one-variable optimization?,0,
Mathematics for Machine Learning,Prob & Stats for ML,05 Hypothesis Testing,4/19/2026 15:44:40,Null and Alternative hypotheses,"If the sample evidence is not strong enough, what decision language does the notes recommend?",1,
Mathematics for Machine Learning,Calculus for ML,01 Derivatives and Optimization,4/19/2026 15:44:41,Limits and continuity review,Which statement best matches the course’s meaning of a limit?,1,
Mathematics for Machine Learning,Calculus for ML,03 Optimization in Higher Dimensions,4/19/2026 15:44:41,Newton's Method for optimization,"In the multivariable version from the notes, what replaces the one-variable second derivative?",1,
Programming Foundations,Data Structures and Algorithms,04 Search & Traversal,4/19/2026 15:47:47,Linear Search vs. Binary Search,What best describes linear search?,1,
Programming Foundations,Data Structures and Algorithms,01 Efficiency & Foundations,4/19/2026 15:47:48,Logic (Algorithms) vs. Storage (Structures),"A developer decides how a program should search customer records, then chooses a dictionary to hold the records. In the lesson’s mental model, what happened first?",1,
Programming Foundations,Data Structures and Algorithms,04 Search & Traversal,4/19/2026 15:47:48,Depth First (DFS) vs. Breadth First (BFS) Search,When does the lesson say BFS is often the better choice?,0,
Programming Foundations,Data Structures and Algorithms,01 Efficiency & Foundations,4/19/2026 15:47:48,Logic (Algorithms) vs. Storage (Structures),Which choice correctly matches the lesson’s distinction between an algorithm and a data structure?,1,
Programming Foundations,Data Structures and Algorithms,04 Search & Traversal,4/19/2026 15:47:48,Linear Search vs. Binary Search,Which complexity pairing matches the lesson?,1,
Math Foundations,Trigonometry,01 Right triangles & trigonometry,4/19/2026 17:24:12,Sine and cosine of complementary angles,Which pair must be equal?,1,
Math Foundations,Trigonometry,01 Right triangles & trigonometry,4/19/2026 17:24:12,Solving for an angle in a right triangle,"In a right triangle, if adjacent = 4 and hypotenuse = 5, what is cos(θ)?",1,
Math Foundations,Trigonometry,01 Right triangles & trigonometry,4/19/2026 17:24:13,Introduction to the trigonometric ratios,sin(θ) in a right triangle is:,1,
Math Foundations,Trigonometry,01 Right triangles & trigonometry,4/19/2026 17:24:14,Sine and cosine of complementary angles,Which identity is true for complementary angles?,1,
Math Foundations,Trigonometry,01 Right triangles & trigonometry,4/19/2026 17:24:14,Modeling with right triangles,The first step in a triangle word problem is usually to:,1,
Mathematics for Machine Learning,Prob & Stats for ML,01 Descriptive Stats and Data Viz,4/25/2026 9:35:59,"Variance, Standard Deviation, and IQR",Which summary pair does the course recommend for skewed data with outliers?,1,
Mathematics for Machine Learning,Linear Algebra for ML,04 Eigenvalues and Eigenvectors,4/25/2026 9:36:00,The characteristic equation and solving for eigenvalues,Why does the characteristic equation use A - λI?,1,
Mathematics for Machine Learning,Calculus for ML,01 Derivatives and Optimization,4/25/2026 9:36:01,"Power rule, product rule, and quotient rule",According to the notes what is d/dx(x^5)?,1,
Mathematics for Machine Learning,Linear Algebra for ML,04 Eigenvalues and Eigenvectors,4/25/2026 9:36:01,The characteristic equation and solving for eigenvalues,"After you find the roots of the characteristic polynomial, what has been found?",0,
Mathematics for Machine Learning,Linear Algebra for ML,04 Eigenvalues and Eigenvectors,4/25/2026 9:36:02,The characteristic equation and solving for eigenvalues,"According to the notes, how are eigenvalues found from a matrix A?",1,
Mathematics for Machine Learning,Calculus for ML,03 Optimization in Higher Dimensions,4/26/2026 1:41:25,Introduction to Gradient Descent,Why does the course introduce gradient descent after solving some optimization problems analytically?,1,
Mathematics for Machine Learning,Calculus for ML,03 Optimization in Higher Dimensions,4/26/2026 1:41:25,"Gradients of cost functions (e.g., Mean Squared Error)",Why does the notes say iterative optimization becomes attractive for least-squares problems with many variables?,1,
Mathematics for Machine Learning,Calculus for ML,01 Derivatives and Optimization,4/26/2026 1:41:27,Tangent lines and linear approximations,"In the notes, the derivative of a function at a point is described geometrically as what?",1,
Mathematics for Machine Learning,Linear Algebra for ML,"03 Vector Spaces, Bases, and Projections",4/26/2026 1:41:27,Basis and dimension of a space,A line has a basis of length 1. What dimension does the notes assign to that space?,1,
Mathematics for Machine Learning,Calculus for ML,01 Derivatives and Optimization,4/26/2026 1:41:27,Tangent lines and linear approximations,Why does using a smaller interval around a point give a better estimate of instantaneous velocity in the transcript?,1,
Machine Learning,StatQuest ML,Support Vector Machines,6/7/2026 13:30:28,RBF Kernel as Weighted Nearest Neighbors,How does this intuition help explain RBF classification?,0,
Machine Learning,StatQuest ML,Support Vector Machines,6/7/2026 13:30:28,Radial Basis Function (RBF) Kernel,What is the RBF kernel also called?,0,
Machine Learning,StatQuest ML,Support Vector Machines,6/7/2026 13:30:29,High-Dimensional Relationships Without Explicit Transformation,How does this connect to kernels?,1,
Machine Learning,StatQuest ML,Support Vector Machines,6/7/2026 13:30:29,RBF Kernel as Weighted Nearest Neighbors,Why is this only an intuition rather than a full description?,1,
Machine Learning,StatQuest ML,Decision Trees,6/7/2026 13:30:30,Weighted Gini Impurity for Splits,What misunderstanding should be avoided about split evaluation?,1,
Math Foundations,Statistics and Probability,01 Analyzing categorical data (khanacademy.org),6/7/2026 13:38:38,Distributions in two-way tables (khanacademy.org),"If two conditional distributions are very similar, that suggests",0,
Math Foundations,Precalculus,09 Series,6/7/2026 13:38:38,The Binomial Theorem,What coefficients appear in the expansion of (a + b)^n?,0,
Math Foundations,Precalculus,09 Series,6/7/2026 13:38:38,The Binomial Theorem,Expand (x + 1)^2.,1,
Math Foundations,Statistics and Probability,04 Modeling data distributions (khanacademy.org),6/7/2026 13:38:39,Percentiles (khanacademy.org),What does the 90th percentile indicate?,1,
Math Foundations,Precalculus,09 Series,6/7/2026 13:38:39,The Binomial Theorem,The Binomial Theorem is used to expand,1,
Math Foundations,Trigonometry,02 Trigonometric functions,6/7/2026 13:41:06,"Amplitude, midline, and period of sinusoidal functions","For y = -2sin(4x) + 1, what is the midline?",1,
Math Foundations,Statistics and Probability,03 Summarizing quantitative data (Khan Academy),6/7/2026 13:41:06,Box and whisker plots (Khan Academy),"If the right whisker is much longer than the left whisker, the distribution may be",1,
Math Foundations,Statistics and Probability,03 Summarizing quantitative data (Khan Academy),6/7/2026 13:41:06,Measuring center in quantitative data (Khan Academy),"Find the mean of 2, 4, 6.",0,
Math Foundations,Statistics and Probability,04 Modeling data distributions (khanacademy.org),6/7/2026 13:41:07,Normal distribution calculations (khanacademy.org),"Using the empirical rule, about what percent of values are above z = 1?",0,
Math Foundations,Statistics and Probability,09 Random variables (khanacademy.org),6/7/2026 13:41:07,Binomial random variables (khanacademy.org),"If X ~ Binomial(n=3, p=0.2), what is the probability all three trials are successes?",1,
Machine Learning,StatQuest ML,Support Vector Machines,6/7/2026 13:49:50,Distance-Based Similarity in the RBF Kernel,What misunderstanding should be avoided about similarity in the RBF kernel?,1,
Machine Learning,Machine Learning Specialization,Advanced Learning Algorithms,6/7/2026 13:49:51,Tensors vs. NumPy Arrays,"In terms of mutability, how do standard TensorFlow Tensors typically differ from NumPy arrays?",1,
Machine Learning,Machine Learning Specialization,Advanced Learning Algorithms,6/7/2026 13:49:52,Tensors vs. NumPy Arrays,Why is NumPy often used alongside TensorFlow in a machine learning pipeline?,1,
Machine Learning,Machine Learning Specialization,Advanced Learning Algorithms,6/7/2026 13:49:52,Tensors vs. NumPy Arrays,What is a primary advantage of using TensorFlow Tensors over NumPy arrays for deep learning tasks?,1,
Machine Learning,StatQuest ML,Support Vector Machines,6/7/2026 13:49:52,Distance-Based Similarity in the RBF Kernel,Why is distance-based similarity useful for nonlinear classification?,1,
Machine Learning,Machine Learning Specialization,Advanced Learning Algorithms,6/7/2026 17:00:37,Matrix Multiplication for Neural Networks,In the context of matrix multiplication why is the order of the matrices important?,1,
Machine Learning,Machine Learning Specialization,Supervised Machine Learning,6/7/2026 17:00:37,Dimensionality Reduction,Which outcome best reflects successful dimensionality reduction?,1,
Machine Learning,Machine Learning Specialization,"Unsupervised Learning, Recommenders, Reinforcement",6/7/2026 17:00:39,Collaborative Filtering for Recommender Systems,"In a typical collaborative filtering application for movies what does the label y(i j) represent?[cite: 3482,3486,3504]",1,
Machine Learning,Machine Learning Specialization,Advanced Learning Algorithms,6/7/2026 17:00:39,Why ReLU Is Preferred in Hidden Layers,"What is the ""rule of thumb"" provided for hidden layer activation functions?",1,
Machine Learning,Machine Learning Specialization,Advanced Learning Algorithms,6/7/2026 17:00:39,TensorFlow Dense Layers,In the coffee roasting example how are the activations of Layer 1 (a1) computed in code?,0,
Machine Learning,Machine Learning Specialization,Supervised Machine Learning,6/7/2026 17:05:01,Linear Regression Model,What does 'univariate linear regression' mean?,1,
Machine Learning,Machine Learning Specialization,Advanced Learning Algorithms,6/7/2026 17:05:01,Forward Propagation,Why is it called forward propagation?,1,
Machine Learning,Machine Learning Specialization,Advanced Learning Algorithms,6/7/2026 17:05:01,Forward Propagation,What does f(x) represent in the neural-network setting?,1,
Machine Learning,Machine Learning Specialization,Advanced Learning Algorithms,6/7/2026 17:05:02,Training Neural Networks in TensorFlow,What misunderstanding should be avoided about TensorFlow training code?,1,
Machine Learning,Machine Learning Specialization,Advanced Learning Algorithms,6/7/2026 17:05:02,Forward Propagation,What is forward propagation?,1,
Machine Learning,Machine Learning Specialization,Advanced Learning Algorithms,6/7/2026 19:20:19,Loss Function vs. Cost Function,In logistic regression what is the purpose of the loss function formula -y*log(f) - (1-y)*log(1-f)?,1,
Machine Learning,StatQuest ML,Decision Trees,6/7/2026 19:20:19,Minimum Samples per Leaf / Node,What misunderstanding should be avoided about minimum samples settings?,1,
Machine Learning,Machine Learning Specialization,Advanced Learning Algorithms,6/7/2026 19:20:21,Loss Function vs. Cost Function,"What does the ""cost function J"" represent in relation to the loss function?",1,
Machine Learning,StatQuest ML,Support Vector Machines,6/7/2026 19:20:21,Why Kernels Make SVMs Computationally Feasible,Why is this especially important for nonlinear kernels?,1,
Machine Learning,StatQuest ML,Support Vector Machines,6/7/2026 19:20:21,Why Kernels Make SVMs Computationally Feasible,Why do kernels make SVMs computationally feasible?,1,
Math Foundations,Statistics and Probability,05 Exploring bivariate numerical data (khanacademy.org),6/7/2026 21:26:10,Introduction to scatterplots (khanacademy.org),A point far from the general pattern is called,1,
Math Foundations,Calculus,03 Integrals,6/7/2026 21:26:10,Area between curves,"If two curves cross inside the interval, the correct setup usually requires:",1,
Math Foundations,Precalculus,09 Series,6/7/2026 21:26:10,Arithmetic and Geometric series,"Find the next term of the geometric sequence 3, 6, 12, 24, ...",1,
Math Foundations,Statistics and Probability,05 Exploring bivariate numerical data (khanacademy.org),6/7/2026 21:26:11,Introduction to scatterplots (khanacademy.org),"If points trend upward from left to right, the association is",1,
Math Foundations,Statistics and Probability,09 Random variables (khanacademy.org),6/7/2026 21:26:11,Discrete random variables (khanacademy.org),Which list could be the values of a discrete random variable?,1,
Math Foundations,Trigonometry,02 Trigonometric functions,6/7/2026 21:34:09,Unit circle introduction,What point corresponds to θ = π/2?,1,
Math Foundations,Trigonometry,02 Trigonometric functions,6/7/2026 21:34:09,The Pythagorean identity,Rewrite 1 - sin^2(x) using a trig identity.,1,
Math Foundations,Trigonometry,03 Non-right triangles & trigonometry,6/7/2026 21:34:10,Law of cosines,"Find c if a = 3, b = 4, and C = 90°.",1,
Math Foundations,Trigonometry,04 Trigonometric equations and identities,6/7/2026 21:34:10,Trigonometric angle addition identities,Use an identity to find sin(75°).,0,
Math Foundations,Trigonometry,01 Right triangles & trigonometry,6/7/2026 21:34:10,"The reciprocal trigonometric ratios (Cosecant, Secant, Cotangent)","If cos(θ) = 12/13, what is sec(θ)?",1,
Math Foundations,Trigonometry,01 Right triangles & trigonometry,6/7/2026 21:34:11,Solving for a side in a right triangle,"If sin(θ) = 3/5 and the hypotenuse is 10, the opposite side is:",1,
Math Foundations,Precalculus,02 Trigonometry,6/7/2026 21:34:11,Inverse trigonometric functions,What does sin^-1(x) return?,0,
Math Foundations,Trigonometry,01 Right triangles & trigonometry,6/7/2026 21:34:12,Solving for a side in a right triangle,"If tan(θ) = 3/4 and the adjacent side is 8, the opposite side is:",1,
Math Foundations,Trigonometry,04 Trigonometric equations and identities,6/7/2026 21:34:12,Using trigonometric identities to solve problems,A trigonometric identity is,1,
Math Foundations,Trigonometry,02 Trigonometric functions,6/7/2026 21:34:12,"Trig values of special angles (π/6,π/4,π/3)",What is sin(π/3)?,0,
Math Foundations,Statistics and Probability,06 Study design (khanacademy.org),6/7/2026 21:36:12,Lesson headings were not fully exposed in the live search snippet I could access. (khanacademy.org),"If a lesson heading in a curriculum list is unclear, the safest assessment choice is to",1,
Math Foundations,Statistics and Probability,"08 Counting, permutations, and combinations (khanacademy.org)",6/7/2026 21:36:12,Counting principle and factorial (khanacademy.org),"The counting principle says that if one task can be done m ways and another n ways, both together can be done",1,
Math Foundations,Statistics and Probability,06 Study design (khanacademy.org),6/7/2026 21:36:12,Lesson headings were not fully exposed in the live search snippet I could access. (khanacademy.org),Which practice best helps identify an unknown lesson topic from context in a statistics unit?,1,
Math Foundations,Statistics and Probability,07 Probability (khanacademy.org),6/7/2026 21:36:13,Probability using sample spaces (khanacademy.org),A sample space is,0,
Math Foundations,Statistics and Probability,04 Modeling data distributions (khanacademy.org),6/7/2026 21:36:13,Z-scores (khanacademy.org),"If z = -1.5, the value is",1,
Math Foundations,Statistics and Probability,03 Summarizing quantitative data (Khan Academy),6/7/2026 21:36:13,More on standard deviation (Khan Academy),Which data set has standard deviation 0?,1,
Math Foundations,Statistics and Probability,05 Exploring bivariate numerical data (khanacademy.org),6/7/2026 21:36:14,Least-squares regression equations (khanacademy.org),"If x increases by 2 and the regression slope is 4, the predicted change in y is",1,
Math Foundations,Statistics and Probability,01 Analyzing categorical data (khanacademy.org),6/7/2026 21:36:14,Two-way tables (khanacademy.org),"If 20 students are athletes and 15 of those athletes passed, what is the pass proportion among athletes?",1,
Math Foundations,Statistics and Probability,07 Probability (khanacademy.org),6/7/2026 21:36:14,Probability using sample spaces (khanacademy.org),"For one coin toss, the sample space is",1,
Math Foundations,Statistics and Probability,05 Exploring bivariate numerical data (khanacademy.org),6/7/2026 21:36:14,Least-squares regression equations (khanacademy.org),"In y = a + bx, what does b represent?",1,
Machine Learning,StatQuest ML,Gradient Boost,6/7/2026 21:38:47,Negative Log-Likelihood Loss,How does negative log-likelihood encourage good predictions?,1,
Machine Learning,StatQuest ML,Support Vector Machines,6/7/2026 21:38:48,Core Idea of Support Vector Machines,What is the core idea of support vector machines in the notes?,1,
Machine Learning,StatQuest ML,Decision Trees,6/7/2026 21:38:48,Classification Trees vs. Regression Trees,What would a regression tree typically output at a leaf?,1,
Machine Learning,StatQuest ML,Gradient Boost,6/7/2026 21:38:48,Initial Log-Odds Prediction,What determines the initial constant log-odds prediction?,1,
Machine Learning,StatQuest ML,Gradient Boost,6/7/2026 21:38:48,Negative Log-Likelihood Loss,What does this loss depend on?,1,
Machine Learning,StatQuest ML,Decision Trees,6/7/2026 21:41:03,Sum of Squared Residuals for Split Selection,What misunderstanding should be avoided about regression-tree split criteria?,1,
Machine Learning,StatQuest ML,Decision Trees,6/7/2026 21:41:04,Alpha as the Pruning Hyperparameter,Why is alpha a hyperparameter rather than a fixed constant?,1,
Math Foundations,Precalculus,07 Matrices,6/7/2026 21:41:04,"Matrix arithmetic (Addition, Subtraction, Scalar Multiplication)","Compute 2[[1,-3],[4,0]].",1,
Machine Learning,StatQuest ML,Support Vector Machines,6/7/2026 21:41:04,Kernel Degree and Feature Space Complexity,What misunderstanding should be avoided about kernel degree?,0,
Machine Learning,StatQuest ML,Decision Trees,6/7/2026 21:41:04,Alpha as the Pruning Hyperparameter,What happens when alpha is increased?,1,
Machine Learning,StatQuest ML,Support Vector Machines,6/7/2026 21:45:57,Kernel Functions,What misunderstanding should be avoided about kernels?,1,
Machine Learning,StatQuest ML,Decision Trees,6/7/2026 21:45:57,Leaves as Numeric Predictions,What misunderstanding should be avoided about regression-tree leaves?,1,
Machine Learning,StatQuest ML,Support Vector Machines,6/7/2026 21:45:57,Kernel Functions,Why are kernel functions useful?,1,
Machine Learning,StatQuest ML,Support Vector Machines,6/7/2026 21:45:57,Kernel Functions,Why are kernels tied to nonlinear classification?,1,
Machine Learning,StatQuest ML,Decision Trees,6/7/2026 21:45:58,Choosing the Best Split in a Regression Tree,How is the best split chosen in a regression tree?,1,