Track,Course,Unit Number: Lesson Name,Topic (Sub-Lesson),Question Bank,Total Attempts,Accuracy,Last Date Attempted,Days Since,Master Priority
Math Foundations,Calculus,01 Limits and continuity,Estimating limits and one-sided limits,10,2,100%,4/16/2026,51.50662375,23.21%
Math Foundations,Calculus,01 Limits and continuity,"Limits by direct substitution, factoring, and conjugates",10,6,100%,4/17/2026,50.34773836,19.94%
Math Foundations,Calculus,01 Limits and continuity,Limits of trigonometric functions,10,6,50%,4/17/2026,50.34395104,44.94%
Math Foundations,Calculus,01 Limits and continuity,The Squeeze Theorem,9,3,67%,4/17/2026,50.34393343,38.05%
Math Foundations,Calculus,01 Limits and continuity,Types of discontinuities,10,2,100%,4/17/2026,50.34394956,22.80%
Math Foundations,Calculus,01 Limits and continuity,Intermediate Value Theorem (IVT),10,4,75%,4/17/2026,50.34394189,33.30%
Math Foundations,Calculus,02 Derivatives,Derivative as slope and rate of change,10,0,,,99,100.00%
Math Foundations,Calculus,02 Derivatives,"Derivative rules (Power rule, Product, Quotient)",10,0,,,99,100.00%
Math Foundations,Calculus,02 Derivatives,Derivatives of sin(x) and cos(x),10,0,,,99,100.00%
Math Foundations,Calculus,02 Derivatives,Chain Rule and Implicit differentiation,15,0,,,99,100.00%
Math Foundations,Calculus,02 Derivatives,Higher-order derivatives and Second derivatives,5,0,,,99,100.00%
Math Foundations,Calculus,02 Derivatives,Optimization and Related rates,15,0,,,99,100.00%
Math Foundations,Calculus,03 Integrals,Antiderivatives and Indefinite integrals,5,0,,,99,100.00%
Math Foundations,Calculus,03 Integrals,Reverse Power Rule,5,0,,,99,100.00%
Math Foundations,Calculus,03 Integrals,"Indefinite integrals of ex,1/x,sin, and cos",8,0,,,99,100.00%
Math Foundations,Calculus,03 Integrals,"Riemann sums (Left, Right, Midpoint, Trapezoidal)",5,0,,,99,100.00%
Math Foundations,Calculus,03 Integrals,Definite integrals and the Fundamental Theorem of Calculus,5,0,,,99,100.00%
Math Foundations,Calculus,03 Integrals,u-substitution,5,0,,,99,100.00%
Math Foundations,Calculus,03 Integrals,Area between curves,5,1,100%,6/7/2026,-0.8931691319,7.18%
Mathematics for Machine Learning,Calculus for ML,01 Derivatives and Optimization,Limits and continuity review,5,1,100%,4/19/2026,48.34397473,24.59%
Mathematics for Machine Learning,Calculus for ML,01 Derivatives and Optimization,"Power rule, product rule, and quotient rule",8,1,100%,4/25/2026,42.59998854,22.56%
Mathematics for Machine Learning,Calculus for ML,01 Derivatives and Optimization,The Chain Rule for composite functions,5,0,,,99,100.00%
Mathematics for Machine Learning,Calculus for ML,01 Derivatives and Optimization,Tangent lines and linear approximations,5,2,100%,4/26/2026,41.92954515,19.82%
Mathematics for Machine Learning,Calculus for ML,01 Derivatives and Optimization,Finding local minima and maxima,5,1,100%,4/19/2026,48.34398421,24.59%
Mathematics for Machine Learning,Calculus for ML,02 Multivariate Calculus,Functions of several variables,3,0,,,99,100.00%
Mathematics for Machine Learning,Calculus for ML,02 Multivariate Calculus,Partial derivatives and the Gradient vector,4,1,0%,4/14/2026,53.95804116,76.58%
Mathematics for Machine Learning,Calculus for ML,02 Multivariate Calculus,Higher-order derivatives and the Hessian matrix,4,1,100%,4/14/2026,53.95803277,26.58%
Mathematics for Machine Learning,Calculus for ML,02 Multivariate Calculus,Directional derivatives,4,0,,,99,100.00%
Mathematics for Machine Learning,Calculus for ML,03 Optimization in Higher Dimensions,Introduction to Gradient Descent,5,1,100%,4/26/2026,41.92957019,22.32%
Mathematics for Machine Learning,Calculus for ML,03 Optimization in Higher Dimensions,Learning rate and convergence,10,1,100%,4/14/2026,53.96752106,26.58%
Mathematics for Machine Learning,Calculus for ML,03 Optimization in Higher Dimensions,"Gradients of cost functions (e.g., Mean Squared Error)",5,1,100%,4/26/2026,41.9295676,22.32%
Mathematics for Machine Learning,Calculus for ML,03 Optimization in Higher Dimensions,Newton's Method for optimization,5,2,50%,4/19/2026,48.3439709,47.09%
Mathematics for Machine Learning,Calculus for ML,04 Calculus in Neural Networks,Computational graphs and the Chain Rule in graphs,4,0,,,99,100.00%
Mathematics for Machine Learning,Calculus for ML,04 Calculus in Neural Networks,Activations and Activation Functions,15,2,100%,4/14/2026,53.95803851,24.08%
Mathematics for Machine Learning,Calculus for ML,04 Calculus in Neural Networks,Backpropagation algorithm math,5,1,100%,4/14/2026,53.95804794,26.58%
Math Foundations,College Algebra,01 Linear equations and inequalities,"Equations with parentheses, decimals, and fractions",5,1,100%,4/18/2026,49.49902472,25.00%
Math Foundations,College Algebra,01 Linear equations and inequalities,Number of solutions to equations,5,1,100%,4/18/2026,49.45420741,24.98%
Math Foundations,College Algebra,01 Linear equations and inequalities,Multi-step and compound inequalities,5,1,100%,4/18/2026,49.44635481,24.98%
Math Foundations,College Algebra,01 Linear equations and inequalities,Modeling with linear equations,5,1,100%,4/18/2026,49.51833821,25.01%
Math Foundations,College Algebra,01 Linear equations and inequalities,Absolute value equations,4,2,100%,4/18/2026,49.51834751,22.51%
Math Foundations,College Algebra,02 Graphs and forms of linear equations,"Slope-intercept form, Point-slope form, and Standard form",12,2,50%,4/18/2026,49.51833128,47.51%
Math Foundations,College Algebra,02 Graphs and forms of linear equations,Intercepts and Slope,5,3,67%,4/18/2026,49.44020634,37.73%
Math Foundations,College Algebra,02 Graphs and forms of linear equations,Parallel and perpendicular lines,5,2,100%,4/18/2026,49.44020925,22.48%
Math Foundations,College Algebra,03 Functions,"Intervals (Positive/Negative, Increasing/Decreasing)",13,5,100%,4/18/2026,49.50742227,20.00%
Math Foundations,College Algebra,03 Functions,Introduction to inverse functions,5,1,0%,4/18/2026,49.49908245,75.00%
Math Foundations,College Algebra,03 Functions,Evaluating functions and function notation,5,2,100%,4/18/2026,49.49905134,22.50%
Math Foundations,College Algebra,03 Functions,Domain and range,5,2,100%,4/18/2026,49.45422051,22.48%
Math Foundations,College Algebra,03 Functions,Recognizing functions from tables and graphs,5,3,100%,4/18/2026,49.45421086,21.23%
Math Foundations,College Algebra,04 Quadratics Multiplying and factoring,"Factoring quadratics (intro, grouping, difference of squares, perfect squares)",5,1,100%,4/18/2026,49.44636476,24.98%
Math Foundations,College Algebra,04 Quadratics Multiplying and factoring,Multiplying binomials and special products,5,1,100%,4/18/2026,49.45426046,24.98%
Math Foundations,College Algebra,05 Quadratic functions and equations,"Solving quadratics by square roots, factoring, and completing the square",13,3,100%,4/18/2026,49.44636127,21.23%
Math Foundations,College Algebra,05 Quadratic functions and equations,Vertex form and features of quadratic graphs,5,1,100%,4/18/2026,49.49901788,25.00%
Math Foundations,College Algebra,05 Quadratic functions and equations,Interpreting quadratic models,5,1,100%,4/18/2026,49.4402169,24.98%
Math Foundations,College Algebra,05 Quadratic functions and equations,The Quadratic Formula,5,4,100%,4/18/2026,49.44248519,20.48%
Math Foundations,College Algebra,06 Complex numbers,Complex conjugates and dividing complex numbers,5,1,100%,4/18/2026,49.5183537,25.01%
Math Foundations,College Algebra,06 Complex numbers,The imaginary unit i,5,1,100%,4/18/2026,49.44637466,24.98%
Math Foundations,College Algebra,06 Complex numbers,"Adding, subtracting, and multiplying complex numbers",5,1,100%,4/18/2026,49.51832336,25.01%
Math Foundations,College Algebra,07 Exponents and radicals,Simplifying square-root expressions,5,1,0%,4/18/2026,49.45424666,74.98%
Math Foundations,College Algebra,07 Exponents and radicals,Graphing exponential growth and decay,5,3,100%,4/18/2026,49.44021888,21.23%
Math Foundations,College Algebra,07 Exponents and radicals,Exponent properties (integer exponents),5,1,100%,4/18/2026,49.45422987,24.98%
Math Foundations,College Algebra,08 Rational expressions and equations,"Reducing, multiplying, and dividing rational expressions",6,2,50%,4/18/2026,49.49902148,47.50%
Math Foundations,College Algebra,08 Rational expressions and equations,Adding and subtracting rational expressions,5,1,100%,4/18/2026,49.50746748,25.00%
Math Foundations,College Algebra,08 Rational expressions and equations,Solving rational equations and modeling,5,2,100%,4/18/2026,49.5208049,22.51%
Math Foundations,College Algebra,09 Relating algebra and geometry,Distance and Midpoint formulas,5,1,100%,4/18/2026,49.45421403,24.98%
Math Foundations,College Algebra,09 Relating algebra and geometry,Standard and expanded equations of a circle,5,2,100%,4/18/2026,49.49902822,22.50%
Math Foundations,College Algebra,10 Polynomial arithmetic,Average rate of change of polynomials,5,1,100%,4/18/2026,49.44247911,24.98%
Math Foundations,College Algebra,10 Polynomial arithmetic,"Adding, subtracting, and factoring higher-degree polynomials",5,1,100%,4/18/2026,49.44635789,24.98%
Math Foundations,College Algebra,11 Advanced function types,Absolute value and piecewise functions,5,2,100%,4/18/2026,49.50744424,22.50%
Math Foundations,College Algebra,11 Advanced function types,Composite functions,5,1,0%,4/18/2026,49.49905404,75.00%
Math Foundations,College Algebra,11 Advanced function types,Verifying inverse functions,5,1,100%,4/18/2026,49.50742681,25.00%
Math Foundations,College Algebra,12 Transformations of functions,Shifting and reflecting functions,4,1,100%,4/18/2026,49.44639177,24.98%
Math Foundations,College Algebra,12 Transformations of functions,Symmetry (Even and Odd functions),5,1,100%,4/18/2026,49.44636772,24.98%
Math Foundations,College Algebra,12 Transformations of functions,Scaling functions vertically,5,1,100%,4/18/2026,49.51834469,25.01%
Math Foundations,College Algebra,13 Rational exponents and radicals,Rational exponents and properties,5,2,50%,4/18/2026,49.4378699,47.48%
Math Foundations,College Algebra,13 Rational exponents and radicals,Solving square-root and exponential equations,5,1,100%,4/18/2026,49.50743866,25.00%
Math Foundations,College Algebra,14 Logarithms,Relationship between exponentials and logs,5,1,100%,4/18/2026,49.44635181,24.98%
Math Foundations,College Algebra,14 Logarithms,Exponential model word problems,5,2,100%,4/18/2026,49.43319935,22.48%
Math Foundations,College Algebra,14 Logarithms,Introduction to logarithms and evaluation,5,2,100%,4/18/2026,49.44021252,22.48%
Math Foundations,College Algebra,14 Logarithms,Properties of logarithms and Change of Base formula,5,4,100%,4/18/2026,49.4424822,20.48%
Programming Foundations,Data Structures and Algorithms,01 Efficiency & Foundations,Logic (Algorithms) vs. Storage (Structures),5,2,100%,4/19/2026,48.34180333,22.09%
Programming Foundations,Data Structures and Algorithms,01 Efficiency & Foundations,Singly Linked Lists & Node Storage,5,0,,,99,100.00%
Programming Foundations,Data Structures and Algorithms,01 Efficiency & Foundations,Big O Notation & Runtime Complexity,5,0,,,99,100.00%
Programming Foundations,Data Structures and Algorithms,02 Abstract Data Types,"FIFO Queues (Buffers, Job Lists)",5,0,,,99,100.00%
Programming Foundations,Data Structures and Algorithms,02 Abstract Data Types,Fast Lookup with Hash Tables (Dictionaries),5,0,,,99,100.00%
Programming Foundations,Data Structures and Algorithms,02 Abstract Data Types,"LIFO Stacks (Undo, Call Stack)",5,0,,,99,100.00%
Programming Foundations,Data Structures and Algorithms,03 Hierarchical & Network Data,"Tree Structures (Root, Parent, Child)",5,0,,,99,100.00%
Programming Foundations,Data Structures and Algorithms,03 Hierarchical & Network Data,"Directed, Undirected, & Weighted Graphs",5,0,,,99,100.00%
Programming Foundations,Data Structures and Algorithms,03 Hierarchical & Network Data,Recursion vs. Dynamic Programming (Memoization),5,0,,,99,100.00%
Programming Foundations,Data Structures and Algorithms,04 Search & Traversal,Linear Search vs. Binary Search,5,2,100%,4/19/2026,48.34179997,22.09%
Programming Foundations,Data Structures and Algorithms,04 Search & Traversal,Binary Search Trees (BST),5,0,,,99,100.00%
Programming Foundations,Data Structures and Algorithms,04 Search & Traversal,Depth First (DFS) vs. Breadth First (BFS) Search,5,1,0%,4/19/2026,48.34180686,74.59%
Programming Foundations,Data Structures and Algorithms,05 Sorting Techniques,"Quadratic Sorts: Bubble, Selection, Insertion",4,0,,,99,100.00%
Programming Foundations,Data Structures and Algorithms,05 Sorting Techniques,Divide & Conquer: Merge Sort and Quicksort,5,0,,,99,100.00%
Programming Foundations,Efficient Iteration & Memory Optimization,01 The Iterator Protocol,Iterable vs. Iterator Mental Model,5,3,67%,4/19/2026,48.42772826,37.37%
Programming Foundations,Efficient Iteration & Memory Optimization,01 The Iterator Protocol,Unpacking & Consuming with the * Operator,5,1,100%,4/19/2026,48.42772473,24.62%
Programming Foundations,Efficient Iteration & Memory Optimization,01 The Iterator Protocol,Understanding the for Loop Mechanism,5,0,,,99,100.00%
Programming Foundations,Efficient Iteration & Memory Optimization,01 The Iterator Protocol,Manual Control with iter() and next(),5,1,100%,4/19/2026,48.42773156,24.62%
Programming Foundations,Efficient Iteration & Memory Optimization,02 Iteration Helpers,Stitching Data with zip(),5,3,100%,4/19/2026,48.4277102,20.87%
Programming Foundations,Efficient Iteration & Memory Optimization,02 Iteration Helpers,Index Tracking with enumerate(),5,2,100%,4/19/2026,48.42771384,22.12%
Programming Foundations,Efficient Iteration & Memory Optimization,02 Iteration Helpers,Iterating Dictionary .items(),5,1,100%,4/19/2026,48.42771741,24.62%
Programming Foundations,Efficient Iteration & Memory Optimization,03 Comprehensions,Building Lists efficiently,5,0,,,99,100.00%
Programming Foundations,Efficient Iteration & Memory Optimization,03 Comprehensions,Dictionary Comprehensions,5,0,,,99,100.00%
Programming Foundations,Efficient Iteration & Memory Optimization,03 Comprehensions,Logic & Filtering with Modulo (%),5,0,,,99,100.00%
Programming Foundations,Efficient Iteration & Memory Optimization,04 Lazy Evaluation & Big Data,Generator Expressions (Memory-Safe),5,1,100%,4/19/2026,48.42770669,24.62%
Programming Foundations,Efficient Iteration & Memory Optimization,04 Lazy Evaluation & Big Data,Custom Generators with yield,5,3,67%,4/19/2026,48.42772108,37.37%
Programming Foundations,Efficient Iteration & Memory Optimization,04 Lazy Evaluation & Big Data,Chunked pandas Loads for Large Datasets,5,0,,,99,100.00%
Programming Foundations,Efficient Iteration & Memory Optimization,04 Lazy Evaluation & Big Data,Streaming File Connections,5,0,,,99,100.00%
Mathematics for Machine Learning,Linear Algebra for ML,01 Systems of Linear Equations and Matrices,Singularity and solvability of systems,5,2,50%,4/14/2026,53.94105833,49.07%
Mathematics for Machine Learning,Linear Algebra for ML,01 Systems of Linear Equations and Matrices,Elementary row operations and Gaussian elimination,5,0,,,99,100.00%
Mathematics for Machine Learning,Linear Algebra for ML,01 Systems of Linear Equations and Matrices,REF and Reduced Row Echelon Form (RREF),5,0,,,99,100.00%
Mathematics for Machine Learning,Linear Algebra for ML,01 Systems of Linear Equations and Matrices,Linear dependence and independence,5,0,,,99,100.00%
Mathematics for Machine Learning,Linear Algebra for ML,01 Systems of Linear Equations and Matrices,Rank of a matrix,5,2,100%,4/14/2026,53.94105427,24.07%
Mathematics for Machine Learning,Linear Algebra for ML,01 Systems of Linear Equations and Matrices,Representing systems of linear equations as matrices,4,2,100%,4/14/2026,53.94106207,24.07%
Mathematics for Machine Learning,Linear Algebra for ML,02 Vectors and Linear Transformations,"Vector operations: Addition, scalar multiplication, and dot products",3,0,,,99,100.00%
Mathematics for Machine Learning,Linear Algebra for ML,02 Vectors and Linear Transformations,Geometric interpretation of vectors and transformations,3,0,,,99,100.00%
Mathematics for Machine Learning,Linear Algebra for ML,02 Vectors and Linear Transformations,Matrix multiplication as a composition of transformations,5,0,,,99,100.00%
Mathematics for Machine Learning,Linear Algebra for ML,02 Vectors and Linear Transformations,Inverse matrices and their role in transformations,4,1,100%,4/14/2026,53.94105119,26.57%
Mathematics for Machine Learning,Linear Algebra for ML,02 Vectors and Linear Transformations,Determinants: Geometric meaning and calculation,5,0,,,99,100.00%
Mathematics for Machine Learning,Linear Algebra for ML,02 Vectors and Linear Transformations,Linear transformations and matrix-vector multiplication,3,0,,,99,100.00%
Mathematics for Machine Learning,Linear Algebra for ML,"03 Vector Spaces, Bases, and Projections",Vector spaces and subspaces,4,0,,,99,100.00%
Mathematics for Machine Learning,Linear Algebra for ML,"03 Vector Spaces, Bases, and Projections",Basis and dimension of a space,4,1,100%,4/26/2026,41.92954771,22.32%
Mathematics for Machine Learning,Linear Algebra for ML,"03 Vector Spaces, Bases, and Projections",Changing the basis of a vector space,4,0,,,99,100.00%
Mathematics for Machine Learning,Linear Algebra for ML,"03 Vector Spaces, Bases, and Projections",Orthogonality and orthonormal bases,3,0,,,99,100.00%
Mathematics for Machine Learning,Linear Algebra for ML,"03 Vector Spaces, Bases, and Projections",Projections of vectors onto subspaces,5,1,0%,4/14/2026,53.94107068,76.57%
Mathematics for Machine Learning,Linear Algebra for ML,"03 Vector Spaces, Bases, and Projections",Applications: Least squares and linear regression foundations,5,0,,,99,100.00%
Mathematics for Machine Learning,Linear Algebra for ML,04 Eigenvalues and Eigenvectors,Intuition behind eigenvectors and eigenvalues,4,0,,,99,100.00%
Mathematics for Machine Learning,Linear Algebra for ML,04 Eigenvalues and Eigenvectors,The characteristic equation and solving for eigenvalues,5,3,67%,4/25/2026,42.59998106,35.31%
Mathematics for Machine Learning,Linear Algebra for ML,04 Eigenvalues and Eigenvectors,Eigenspaces and basis of eigenvectors,4,0,,,99,100.00%
Mathematics for Machine Learning,Linear Algebra for ML,04 Eigenvalues and Eigenvectors,Diagonalization of matrices,5,2,100%,4/14/2026,53.94106767,24.07%
Mathematics for Machine Learning,Linear Algebra for ML,04 Eigenvalues and Eigenvectors,Application: PCA and PageRank algorithm,5,0,,,99,100.00%
Machine Learning,Machine Learning Specialization,Advanced Learning Algorithms,Building Neural Networks with TensorFlow Sequential,39,3,100%,4/17/2026,50.3371747,21.55%
Machine Learning,Machine Learning Specialization,"Unsupervised Learning, Recommenders, Reinforcement",Multiple Random Initializations for Better Clustering,25,2,100%,4/14/2026,53.93407591,24.07%
Machine Learning,Machine Learning Specialization,Advanced Learning Algorithms,General Dense Layer Implementation,20,1,100%,4/17/2026,50.33718741,25.30%
Machine Learning,Machine Learning Specialization,Advanced Learning Algorithms,Tensors vs. NumPy Arrays,15,3,100%,6/7/2026,-0.5762947685,3.55%
Machine Learning,Machine Learning Specialization,"Unsupervised Learning, Recommenders, Reinforcement",Density Estimation for Anomaly Detection,15,2,100%,4/19/2026,48.35613205,22.10%
Machine Learning,Machine Learning Specialization,Supervised Machine Learning,Anomaly Detection,15,5,80%,4/14/2026,53.96744862,31.58%
Machine Learning,Machine Learning Specialization,Advanced Learning Algorithms,Artificial Neurons vs. Biological Neurons,15,0,,,99,100.00%
Machine Learning,Machine Learning Specialization,Advanced Learning Algorithms,Neural Networks as Learned Feature Engineering,15,0,,,99,100.00%
Machine Learning,Machine Learning Specialization,Advanced Learning Algorithms,Activations and Activation Functions,15,2,100%,4/14/2026,53.95803851,24.08%
Machine Learning,Machine Learning Specialization,Advanced Learning Algorithms,Neural Network Architecture,15,1,100%,4/19/2026,48.35613947,24.60%
Machine Learning,Machine Learning Specialization,Advanced Learning Algorithms,Forward Propagation,15,3,100%,6/7/2026,-0.7118274769,3.50%
Machine Learning,Machine Learning Specialization,Advanced Learning Algorithms,Handwritten Digit Recognition with Neural Networks,15,2,100%,4/17/2026,50.34020672,22.80%
Machine Learning,Machine Learning Specialization,Advanced Learning Algorithms,TensorFlow Dense Layers,15,1,0%,6/7/2026,-0.7087866088,57.25%
Machine Learning,Machine Learning Specialization,Advanced Learning Algorithms,Efficient Neural Network Vectorization,10,0,,,99,100.00%
Machine Learning,Machine Learning Specialization,Advanced Learning Algorithms,Matrix Multiplication for Neural Networks,10,1,100%,6/7/2026,-0.7087624306,7.25%
Machine Learning,Machine Learning Specialization,Advanced Learning Algorithms,Training Neural Networks in TensorFlow,10,1,100%,6/7/2026,-0.7118240046,7.25%
Machine Learning,Machine Learning Specialization,Advanced Learning Algorithms,Binary Cross-Entropy,9,0,,,99,100.00%
Machine Learning,Machine Learning Specialization,Advanced Learning Algorithms,Backpropagation,10,0,,,99,100.00%
Machine Learning,Machine Learning Specialization,Advanced Learning Algorithms,ReLU Activation Function,8,0,,,99,100.00%
Machine Learning,Machine Learning Specialization,Advanced Learning Algorithms,Choosing Activation Functions for Output Layers,10,1,100%,4/19/2026,48.35615971,24.60%
Machine Learning,Machine Learning Specialization,Advanced Learning Algorithms,Why ReLU Is Preferred in Hidden Layers,10,1,100%,6/7/2026,-0.7087836806,7.25%
Machine Learning,Machine Learning Specialization,Advanced Learning Algorithms,Binary Classification vs. Regression Output Design,10,0,,,99,100.00%
Machine Learning,Machine Learning Specialization,"Unsupervised Learning, Recommenders, Reinforcement",Clustering vs. Supervised Classification,10,0,,,99,100.00%
Machine Learning,Machine Learning Specialization,"Unsupervised Learning, Recommenders, Reinforcement",Clustering as Structure Discovery in Unlabeled Data,10,0,,,99,100.00%
Machine Learning,Machine Learning Specialization,"Unsupervised Learning, Recommenders, Reinforcement",K-Means Clustering,10,0,,,99,100.00%
Machine Learning,Machine Learning Specialization,"Unsupervised Learning, Recommenders, Reinforcement",Cluster Centroids,10,0,,,99,100.00%
Machine Learning,Machine Learning Specialization,"Unsupervised Learning, Recommenders, Reinforcement",K-Means Assignment Step,10,0,,,99,100.00%
Machine Learning,Machine Learning Specialization,"Unsupervised Learning, Recommenders, Reinforcement",K-Means Centroid Update Step,10,2,100%,4/14/2026,53.93406277,24.07%
Machine Learning,Machine Learning Specialization,"Unsupervised Learning, Recommenders, Reinforcement",K-Means Convergence,10,0,,,99,100.00%
Machine Learning,Machine Learning Specialization,"Unsupervised Learning, Recommenders, Reinforcement",K-Means Cost Function / Distortion Objective,10,0,,,99,100.00%
Machine Learning,Machine Learning Specialization,"Unsupervised Learning, Recommenders, Reinforcement",Why K-Means Converges,10,0,,,99,100.00%
Machine Learning,Machine Learning Specialization,"Unsupervised Learning, Recommenders, Reinforcement",Random Initialization in K-Means,10,0,,,99,100.00%
Machine Learning,Machine Learning Specialization,"Unsupervised Learning, Recommenders, Reinforcement",Limits of the Elbow Method,10,0,,,99,100.00%
Machine Learning,Machine Learning Specialization,"Unsupervised Learning, Recommenders, Reinforcement",Anomaly Detection,15,5,80%,4/14/2026,53.96744862,31.58%
Machine Learning,Machine Learning Specialization,"Unsupervised Learning, Recommenders, Reinforcement",Gaussian / Normal Distribution,10,0,,,99,100.00%
Machine Learning,Machine Learning Specialization,"Unsupervised Learning, Recommenders, Reinforcement",Anomaly Threshold Epsilon,10,0,,,99,100.00%
Machine Learning,Machine Learning Specialization,"Unsupervised Learning, Recommenders, Reinforcement",Collaborative Filtering for Recommender Systems,10,1,100%,6/7/2026,-0.7087811458,7.25%
Machine Learning,Machine Learning Specialization,Advanced Learning Algorithms,Neural Network Layers as Logistic Units,9,0,,,99,100.00%
Machine Learning,Machine Learning Specialization,Advanced Learning Algorithms,Implementing Forward Propagation from Scratch,9,0,,,99,100.00%
Machine Learning,Machine Learning Specialization,Advanced Learning Algorithms,Loss Function vs. Cost Function,9,2,100%,6/7/2026,-0.8057965278,4.72%
Machine Learning,Machine Learning Specialization,"Unsupervised Learning, Recommenders, Reinforcement",Choosing the Number of Clusters K,7,0,,,99,100.00%
Machine Learning,Machine Learning Specialization,"Unsupervised Learning, Recommenders, Reinforcement",Choosing K Based on Downstream Use,7,0,,,99,100.00%
Machine Learning,Machine Learning Specialization,Supervised Machine Learning,What Machine Learning Is,5,1,100%,4/14/2026,53.96748344,26.58%
Machine Learning,Machine Learning Specialization,Supervised Machine Learning,When to Use Machine Learning,5,4,100%,4/14/2026,53.96745294,22.08%
Machine Learning,Machine Learning Specialization,Supervised Machine Learning,Supervised vs. Unsupervised Learning,5,1,100%,4/17/2026,50.33720325,25.30%
Machine Learning,Machine Learning Specialization,Supervised Machine Learning,Regression vs. Classification,5,0,,,99,100.00%
Machine Learning,Machine Learning Specialization,Supervised Machine Learning,Clustering in Unsupervised Learning,5,2,100%,4/14/2026,53.96751528,24.08%
Machine Learning,Machine Learning Specialization,Supervised Machine Learning,Dimensionality Reduction,5,1,100%,6/7/2026,-0.70876375,7.25%
Machine Learning,Machine Learning Specialization,Supervised Machine Learning,Linear Regression Model,5,1,100%,6/7/2026,-0.7118153935,7.25%
Machine Learning,Machine Learning Specialization,Supervised Machine Learning,Model Parameters: Weights and Bias,5,0,,,99,100.00%
Machine Learning,Machine Learning Specialization,Supervised Machine Learning,Cost Function and Squared Error,5,1,100%,4/14/2026,53.96749675,26.58%
Machine Learning,Machine Learning Specialization,Supervised Machine Learning,Cost Function Intuition and Model Fit,5,1,100%,4/14/2026,53.96747689,26.58%
Machine Learning,Machine Learning Specialization,Supervised Machine Learning,Visualizing the Cost Function,5,0,,,99,100.00%
Machine Learning,Machine Learning Specialization,Supervised Machine Learning,Gradient Descent,5,2,100%,4/14/2026,53.96747991,24.08%
Machine Learning,Machine Learning Specialization,Supervised Machine Learning,Derivatives and Gradient Descent Intuition,5,0,,,99,100.00%
Machine Learning,Machine Learning Specialization,Supervised Machine Learning,Learning Rate and Convergence,10,1,100%,4/14/2026,53.96752106,26.58%
Machine Learning,Machine Learning Specialization,Supervised Machine Learning,Batch Gradient Descent,5,0,,,99,100.00%
Machine Learning,Machine Learning Specialization,Supervised Machine Learning,Why Linear Regression’s Cost Function Has a Global Minimum,5,2,100%,4/14/2026,53.96746671,24.08%
Machine Learning,Machine Learning Specialization,Supervised Machine Learning,Multiple Linear Regression,5,0,,,99,100.00%
Machine Learning,Machine Learning Specialization,Supervised Machine Learning,Vector and Dot Product Notation,5,0,,,99,100.00%
Machine Learning,Machine Learning Specialization,Supervised Machine Learning,Gradient Descent for Multiple Linear Regression,5,1,100%,4/14/2026,53.9674637,26.58%
Machine Learning,Machine Learning Specialization,Supervised Machine Learning,Normal Equation vs. Gradient Descent,5,0,,,99,100.00%
Machine Learning,Machine Learning Specialization,Advanced Learning Algorithms,Neural Networks vs. Decision Trees,5,0,,,99,100.00%
Machine Learning,Machine Learning Specialization,Advanced Learning Algorithms,Inference vs. Training in Neural Networks,5,0,,,99,100.00%
Machine Learning,Machine Learning Specialization,Advanced Learning Algorithms,Why Neural Networks Work Well with Large Data,5,0,,,99,100.00%
Machine Learning,Machine Learning Specialization,Advanced Learning Algorithms,"Input Layer, Hidden Layer, and Output Layer",5,1,100%,4/13/2026,54.14166735,26.64%
Machine Learning,Machine Learning Specialization,"Unsupervised Learning, Recommenders, Reinforcement",Mean and Variance in Gaussian Modeling,5,0,,,99,100.00%
Machine Learning,Machine Learning Specialization,"Unsupervised Learning, Recommenders, Reinforcement",Multivariate Anomaly Detection via Per-Feature Gaussians,5,0,,,99,100.00%
Machine Learning,Machine Learning Specialization,"Unsupervised Learning, Recommenders, Reinforcement",Building and Evaluating an Anomaly Detection System,5,0,,,99,100.00%
Machine Learning,Machine Learning Specialization,"Unsupervised Learning, Recommenders, Reinforcement",Cross-Validation for Anomaly Detection,5,0,,,99,100.00%
Machine Learning,Machine Learning Specialization,"Unsupervised Learning, Recommenders, Reinforcement",Anomaly Detection vs. Supervised Learning,5,1,100%,4/17/2026,50.3402169,25.30%
Machine Learning,Machine Learning Specialization,"Unsupervised Learning, Recommenders, Reinforcement",When to Use Anomaly Detection,5,1,100%,4/17/2026,50.3402103,25.30%
Machine Learning,Machine Learning Specialization,"Unsupervised Learning, Recommenders, Reinforcement",Feature Engineering for Anomaly Detection,5,0,,,99,100.00%
Machine Learning,Machine Learning Specialization,"Unsupervised Learning, Recommenders, Reinforcement",Transforming Features to Be More Gaussian,5,0,,,99,100.00%
Machine Learning,Machine Learning Specialization,"Unsupervised Learning, Recommenders, Reinforcement",Recommender Systems with Per-Item Features,5,1,100%,4/17/2026,50.34021366,25.30%
Machine Learning,Machine Learning Specialization,"Unsupervised Learning, Recommenders, Reinforcement",Collaborative Filtering Without Hand-Crafted Features,5,0,,,99,100.00%
Machine Learning,Machine Learning Specialization,"Unsupervised Learning, Recommenders, Reinforcement",Joint Optimization of User Parameters and Item Features,5,1,100%,4/14/2026,53.93407927,26.57%
Machine Learning,Machine Learning Specialization,"Unsupervised Learning, Recommenders, Reinforcement",Binary Label Recommender Systems,5,1,100%,4/19/2026,48.35613535,24.60%
Machine Learning,Machine Learning Specialization,"Unsupervised Learning, Recommenders, Reinforcement",Logistic-Style Collaborative Filtering,5,0,,,99,100.00%
Machine Learning,Machine Learning Specialization,"Unsupervised Learning, Recommenders, Reinforcement",Mean Normalization in Recommender Systems,5,0,,,99,100.00%
Machine Learning,Machine Learning Specialization,"Unsupervised Learning, Recommenders, Reinforcement",Cold Start for New Users,5,0,,,99,100.00%
Machine Learning,Machine Learning Specialization,"Unsupervised Learning, Recommenders, Reinforcement",TensorFlow AutoDiff for Collaborative Filtering,5,0,,,99,100.00%
Machine Learning,Machine Learning Specialization,Supervised Machine Learning,Vectorization,4,0,,,99,100.00%
Machine Learning,Machine Learning Specialization,"Unsupervised Learning, Recommenders, Reinforcement",Estimating Gaussian Parameters from Data,4,0,,,99,100.00%
Machine Learning,Machine Learning Specialization,"Unsupervised Learning, Recommenders, Reinforcement",User Parameters and Item Features,4,0,,,99,100.00%
Machine Learning,Machine Learning Specialization,"Unsupervised Learning, Recommenders, Reinforcement",Learning Item Features from User Ratings,4,0,,,99,100.00%
Machine Learning,Machine Learning Specialization,Supervised Machine Learning,"Training Set, Features, Targets, and Predictions",5,0,,,99,100.00%
Machine Learning,Machine Learning Specialization,"Unsupervised Learning, Recommenders, Reinforcement","Precision, Recall, and F1 for Rare Anomalies",5,0,,,99,100.00%
Programming Foundations,"Modularity, Packages & Robust Code",01 Leveraging Existing Tools,Standard Modules: os and string,4,5,100%,4/19/2026,48.44188091,19.63%
Programming Foundations,"Modularity, Packages & Robust Code",01 Leveraging Existing Tools,Global Functions vs. Object-specific Methods,5,2,100%,4/19/2026,48.43220487,22.12%
Programming Foundations,"Modularity, Packages & Robust Code",01 Leveraging Existing Tools,Built-in Functions for Efficiency,5,1,0%,4/19/2026,48.45559267,74.63%
Programming Foundations,"Modularity, Packages & Robust Code",01 Leveraging Existing Tools,Public Libraries: pandas for Dataframes,5,5,80%,4/19/2026,48.43220128,29.62%
Programming Foundations,"Modularity, Packages & Robust Code",02 Custom Function Design,The DRY Principle (Don’t Repeat Yourself),5,4,100%,4/19/2026,48.43119576,20.12%
Programming Foundations,"Modularity, Packages & Robust Code",02 Custom Function Design,"Positional, Keyword, & Default Arguments",5,2,50%,4/19/2026,48.44188422,47.13%
Programming Foundations,"Modularity, Packages & Robust Code",02 Custom Function Design,Documentation with Docstrings,5,6,100%,4/19/2026,48.43119209,19.26%
Programming Foundations,"Modularity, Packages & Robust Code",03 Advanced Functional Tools,Mapping Functions with map(),5,3,100%,4/19/2026,48.43363519,20.87%
Programming Foundations,"Modularity, Packages & Robust Code",03 Advanced Functional Tools,Arbitrary Inputs: *args and **kwargs,5,1,100%,4/19/2026,48.44913537,24.63%
Programming Foundations,"Modularity, Packages & Robust Code",03 Advanced Functional Tools,Lambda Functions for Fast Transformations,5,2,100%,4/19/2026,48.43363922,22.12%
Programming Foundations,"Modularity, Packages & Robust Code",04 Error Handling & Debugging,Recovery with try/except,5,5,80%,4/19/2026,48.43364368,29.62%
Programming Foundations,"Modularity, Packages & Robust Code",04 Error Handling & Debugging,Reading Tracebacks & Exception Types,5,1,100%,4/19/2026,48.43219822,24.62%
Programming Foundations,"Modularity, Packages & Robust Code",04 Error Handling & Debugging,Enforcing Rules with raise,5,2,100%,4/19/2026,48.44671529,22.13%
Programming Foundations,Object-Oriented Programming (OOP) in Python,01 The OOP Framework,Procedural vs. Object-Oriented Thinking,5,2,100%,4/17/2026,50.34159564,22.80%
Programming Foundations,Object-Oriented Programming (OOP) in Python,01 The OOP Framework,Class Blueprints vs. Object Instances,5,0,,,99,100.00%
Programming Foundations,Object-Oriented Programming (OOP) in Python,01 The OOP Framework,The self Reference & Constructors (init),5,0,,,99,100.00%
Programming Foundations,Object-Oriented Programming (OOP) in Python,02 Attributes & Methods,Alternative Constructors with @classmethod,5,0,,,99,100.00%
Programming Foundations,Object-Oriented Programming (OOP) in Python,02 Attributes & Methods,Property Getters & Setters for Validation,5,0,,,99,100.00%
Programming Foundations,Object-Oriented Programming (OOP) in Python,02 Attributes & Methods,Instance vs. Class Shared Attributes,5,0,,,99,100.00%
Programming Foundations,Object-Oriented Programming (OOP) in Python,03 Reuse & Flexibility,Code Reuse via Inheritance (“is-a”),5,0,,,99,100.00%
Programming Foundations,Object-Oriented Programming (OOP) in Python,03 Reuse & Flexibility,Polymorphism: Programming via Interfaces,5,1,100%,4/17/2026,50.34159845,25.30%
Programming Foundations,Object-Oriented Programming (OOP) in Python,03 Reuse & Flexibility,Liskov Substitution Principle (LSP),5,1,100%,4/17/2026,50.34160125,25.30%
Programming Foundations,Object-Oriented Programming (OOP) in Python,03 Reuse & Flexibility,Overriding & Customizing Inherited Behavior,5,1,100%,4/17/2026,50.34160616,25.30%
Programming Foundations,Object-Oriented Programming (OOP) in Python,04 Native Integration,Access Control: Public vs. Internal APIs,4,0,,,99,100.00%
Programming Foundations,Object-Oriented Programming (OOP) in Python,04 Native Integration,"Operator Overloading: eq, str, repr",5,0,,,99,100.00%
Math Foundations,Precalculus,01 Composite and inverse functions,Composing functions and modeling,6,0,,,99,100.00%
Math Foundations,Precalculus,01 Composite and inverse functions,Invertible functions and restricting domains,5,0,,,99,100.00%
Math Foundations,Precalculus,01 Composite and inverse functions,Verifying inverse functions,5,1,100%,4/18/2026,49.50742681,25.00%
Math Foundations,Precalculus,10 Limits and continuity,Defining and estimating limits (Graphs and Tables),5,0,,,99,100.00%
Math Foundations,Precalculus,10 Limits and continuity,Limit properties and algebraic manipulation,5,0,,,99,100.00%
Math Foundations,Precalculus,10 Limits and continuity,Continuity and the Intermediate Value Theorem,5,0,,,99,100.00%
Math Foundations,Precalculus,02 Trigonometry,Special trig values and identities on the unit circle,5,0,,,99,100.00%
Math Foundations,Precalculus,02 Trigonometry,Inverse trigonometric functions,5,1,0%,6/7/2026,-0.8987358796,57.18%
Math Foundations,Precalculus,02 Trigonometry,Laws of sines and cosines,4,0,,,99,100.00%
Math Foundations,Precalculus,02 Trigonometry,Sinusoidal equations and models,3,0,,,99,100.00%
Math Foundations,Precalculus,02 Trigonometry,Angle addition identities,6,0,,,99,100.00%
Math Foundations,Precalculus,03 Complex numbers,"The complex plane (Distance, Midpoint, Conjugates)",5,0,,,99,100.00%
Math Foundations,Precalculus,03 Complex numbers,Modulus and argument,5,0,,,99,100.00%
Math Foundations,Precalculus,03 Complex numbers,Polar form of complex numbers,5,0,,,99,100.00%
Math Foundations,Precalculus,03 Complex numbers,Multiplying/Dividing complex numbers in polar form,5,0,,,99,100.00%
Math Foundations,Precalculus,03 Complex numbers,The Fundamental Theorem of Algebra,5,0,,,99,100.00%
Math Foundations,Precalculus,04 Rational functions,End behavior and discontinuities (Asymptotes),5,0,,,99,100.00%
Math Foundations,Precalculus,04 Rational functions,Graphs of rational functions,5,0,,,99,100.00%
Math Foundations,Precalculus,04 Rational functions,Advanced rational expression arithmetic,4,0,,,99,100.00%
Math Foundations,Precalculus,05 Conic sections,Introduction to ellipses and hyperbolas,5,0,,,99,100.00%
Math Foundations,Precalculus,05 Conic sections,"Foci, vertices, and equations of conics",5,0,,,99,100.00%
Math Foundations,Precalculus,06 Vectors,"Vector components, magnitude, and direction",5,0,,,99,100.00%
Math Foundations,Precalculus,06 Vectors,"Scalar multiplication, addition, and subtraction",5,0,,,99,100.00%
Math Foundations,Precalculus,06 Vectors,Vector word problems,5,0,,,99,100.00%
Math Foundations,Precalculus,07 Matrices,"Matrix arithmetic (Addition, Subtraction, Scalar Multiplication)",5,1,100%,6/7/2026,-0.9035172801,7.18%
Math Foundations,Precalculus,07 Matrices,Matrices as transformations of the plane,5,0,,,99,100.00%
Math Foundations,Precalculus,07 Matrices,Matrix multiplication and properties,5,0,,,99,100.00%
Math Foundations,Precalculus,07 Matrices,Inverses and solving systems with matrices,4,0,,,99,100.00%
Math Foundations,Precalculus,08 Probability and combinatorics,Venn diagrams and addition/multiplication rules,3,0,,,99,100.00%
Math Foundations,Precalculus,08 Probability and combinatorics,Permutations and combinations,4,0,,,99,100.00%
Math Foundations,Precalculus,08 Probability and combinatorics,Discrete random variables and Expected Value,2,0,,,99,100.00%
Math Foundations,Precalculus,09 Series,Arithmetic and Geometric series,5,1,100%,6/7/2026,-0.893171169,7.18%
Math Foundations,Precalculus,09 Series,Summation notation,5,0,,,99,100.00%
Math Foundations,Precalculus,09 Series,The Binomial Theorem,5,3,67%,6/7/2026,-0.5685105556,20.05%
Mathematics for Machine Learning,Prob & Stats for ML,01 Descriptive Stats and Data Viz,"Measures of central tendency (Mean, Median, Mode)",5,1,100%,4/19/2026,48.34675449,24.59%
Mathematics for Machine Learning,Prob & Stats for ML,01 Descriptive Stats and Data Viz,"Variance, Standard Deviation, and IQR",5,1,100%,4/25/2026,42.6000075,22.56%
Mathematics for Machine Learning,Prob & Stats for ML,01 Descriptive Stats and Data Viz,"Box plots, histograms, and scatter plots",4,0,,,99,100.00%
Mathematics for Machine Learning,Prob & Stats for ML,01 Descriptive Stats and Data Viz,Covariance and Correlation (Pearson and Spearman),3,1,100%,4/19/2026,48.34675877,24.59%
Mathematics for Machine Learning,Prob & Stats for ML,02 Probability Theory Foundations,"Sample spaces, events, and axioms of probability",4,1,100%,4/19/2026,48.34678815,24.59%
Mathematics for Machine Learning,Prob & Stats for ML,02 Probability Theory Foundations,Permutations and Combinations,4,0,,,99,100.00%
Mathematics for Machine Learning,Prob & Stats for ML,02 Probability Theory Foundations,Conditional probability and Independence,6,0,,,99,100.00%
Mathematics for Machine Learning,Prob & Stats for ML,02 Probability Theory Foundations,Bayes' Theorem and its applications in ML,5,0,,,99,100.00%
Mathematics for Machine Learning,Prob & Stats for ML,02 Probability Theory Foundations,Law of Large Numbers and Central Limit Theorem,4,0,,,99,100.00%
Mathematics for Machine Learning,Prob & Stats for ML,03 Random Variables and Distributions,Discrete vs. Continuous random variables,4,0,,,99,100.00%
Mathematics for Machine Learning,Prob & Stats for ML,03 Random Variables and Distributions,"PMF, PDF, and CDF",5,0,,,99,100.00%
Mathematics for Machine Learning,Prob & Stats for ML,03 Random Variables and Distributions,"Bernoulli, Binomial, Poisson, Uniform, and Normal",5,0,,,99,100.00%
Mathematics for Machine Learning,Prob & Stats for ML,03 Random Variables and Distributions,Expected Value and Variance of random variables,5,0,,,99,100.00%
Mathematics for Machine Learning,Prob & Stats for ML,04 Statistical Inference,Point estimation and sampling distributions,5,0,,,99,100.00%
Mathematics for Machine Learning,Prob & Stats for ML,04 Statistical Inference,MLE and MAP estimation,5,1,100%,4/19/2026,48.34676271,24.59%
Mathematics for Machine Learning,Prob & Stats for ML,04 Statistical Inference,Confidence intervals and margins of error,4,0,,,99,100.00%
Mathematics for Machine Learning,Prob & Stats for ML,05 Hypothesis Testing,Null and Alternative hypotheses,4,1,100%,4/19/2026,48.34397826,24.59%
Mathematics for Machine Learning,Prob & Stats for ML,05 Hypothesis Testing,P-values and Significance levels (α),4,0,,,99,100.00%
Mathematics for Machine Learning,Prob & Stats for ML,05 Hypothesis Testing,Z-tests and T-tests (one-sample and two-sample),3,0,,,99,100.00%
Mathematics for Machine Learning,Prob & Stats for ML,05 Hypothesis Testing,Type I and Type II errors,4,0,,,99,100.00%
Mathematics for Machine Learning,Prob & Stats for ML,05 Hypothesis Testing,Chi-squared tests for independence,5,0,,,99,100.00%
Mathematics for Machine Learning,Prob & Stats for ML,06 Advanced Statistical Applications,Linear Regression from a statistical perspective,4,0,,,99,100.00%
Mathematics for Machine Learning,Prob & Stats for ML,06 Advanced Statistical Applications,Multiple Linear Regression and R-squared,4,0,,,99,100.00%
Mathematics for Machine Learning,Prob & Stats for ML,06 Advanced Statistical Applications,Principal Component Analysis (PCA) math foundations,4,0,,,99,100.00%
Mathematics for Machine Learning,Prob & Stats for ML,06 Advanced Statistical Applications,Introduction to Bayesian Statistics and Inference,4,1,100%,4/19/2026,48.34678591,24.59%
Programming Foundations,Python Data Types,01 Advanced Sequence Ops,Tuple Unpacking & Data Integrity,5,3,100%,4/18/2026,49.43178994,21.23%
Programming Foundations,Python Data Types,01 Advanced Sequence Ops,"List Extension, Location, & Removal",5,1,0%,4/18/2026,49.43178866,74.98%
Programming Foundations,Python Data Types,02 String Processing,Dynamic f-strings,5,4,100%,4/14/2026,53.97305911,22.08%
Programming Foundations,Python Data Types,02 String Processing,Efficient Joining & Search Normalization,5,2,50%,4/14/2026,53.97307123,49.08%
Programming Foundations,Python Data Types,03 Key-Value Data Modeling,Managing Keys: .update() and .pop(),5,2,100%,4/14/2026,53.97306203,24.08%
Programming Foundations,Python Data Types,03 Key-Value Data Modeling,Safe Dictionary Access: .get() vs. [],5,2,100%,4/14/2026,53.97305314,24.08%
Programming Foundations,Python Data Types,04 Specialized Containers,Attribute-based Records with namedtuple,5,3,100%,4/14/2026,53.97307447,22.83%
Programming Foundations,Python Data Types,04 Specialized Containers,Frequency Analytics with Counter,5,1,100%,4/14/2026,53.97312348,26.58%
Programming Foundations,Python Data Types,04 Specialized Containers,Boilerplate reduction with defaultdict,5,2,100%,4/14/2026,53.97308101,24.08%
Programming Foundations,Python Data Types,04 Specialized Containers,Rich Record Modeling with dataclasses,5,2,50%,4/14/2026,53.97304973,49.08%
Programming Foundations,Python Syntax & Logic Foundations,01 The Developer Mindset,print() as a Debugging & Testing Tool,5,1,100%,4/14/2026,53.95344139,26.57%
Programming Foundations,Python Syntax & Logic Foundations,01 The Developer Mindset,Documentation with Comments (#),5,1,100%,4/14/2026,53.95347012,26.57%
Programming Foundations,Python Syntax & Logic Foundations,01 The Developer Mindset,Python Script Mental Model,5,1,100%,4/14/2026,53.95345183,26.57%
Programming Foundations,Python Syntax & Logic Foundations,02 Managing Data,Variables as Labeled Containers,5,2,100%,4/18/2026,49.42789994,22.47%
Programming Foundations,Python Syntax & Logic Foundations,02 Managing Data,"Basic Data Types: str, int, float, bool",5,1,0%,4/18/2026,49.42789549,74.97%
Programming Foundations,Python Syntax & Logic Foundations,02 Managing Data,Inspection with type(),5,2,100%,4/18/2026,49.42629846,22.47%
Programming Foundations,Python Syntax & Logic Foundations,02 Managing Data,"Multi-line Strings ("""""")",5,2,50%,4/18/2026,49.42789848,47.47%
Programming Foundations,Python Syntax & Logic Foundations,02 Managing Data,Arithmetic & String Operators,5,1,100%,4/14/2026,53.95344889,26.57%
Programming Foundations,Python Syntax & Logic Foundations,03 Basic Data Structures,Unique Values & Membership (Sets),5,2,100%,4/14/2026,53.95347315,24.07%
Programming Foundations,Python Syntax & Logic Foundations,03 Basic Data Structures,Ordered Collections (Lists),5,1,100%,4/14/2026,53.9534465,26.57%
Programming Foundations,Python Syntax & Logic Foundations,03 Basic Data Structures,Key-Value Relationships (Dictionaries),5,2,100%,4/14/2026,53.95343583,24.07%
Programming Foundations,Python Syntax & Logic Foundations,03 Basic Data Structures,Immutable Ordered Data (Tuples),5,2,100%,4/18/2026,49.42928324,22.47%
Programming Foundations,Python Syntax & Logic Foundations,04 Flow Control & Logic,Conditionals & Comparison Operators,5,1,100%,4/18/2026,49.42928582,24.98%
Programming Foundations,Python Syntax & Logic Foundations,04 Flow Control & Logic,Conditional Repetition (While Loops),5,2,100%,4/18/2026,49.42928903,22.48%
Programming Foundations,Python Syntax & Logic Foundations,04 Flow Control & Logic,Result Building: Incrementing & Appending,5,1,100%,4/14/2026,53.95343848,26.57%
Programming Foundations,Python Syntax & Logic Foundations,04 Flow Control & Logic,Repeating over Iterables (For Loops),5,2,100%,4/18/2026,49.4292749,22.47%
Programming Foundations,Python Syntax & Logic Foundations,04 Flow Control & Logic,"Workflow Keywords: in, not, and, or",5,1,100%,4/18/2026,49.42927269,24.97%
Math Foundations,Statistics and Probability,01 Analyzing categorical data (khanacademy.org),Analyzing one categorical variable (khanacademy.org),5,1,100%,4/17/2026,50.32730065,25.29%
Math Foundations,Statistics and Probability,01 Analyzing categorical data (khanacademy.org),Two-way tables (khanacademy.org),5,1,100%,6/7/2026,-0.9001592014,7.18%
Math Foundations,Statistics and Probability,01 Analyzing categorical data (khanacademy.org),Distributions in two-way tables (khanacademy.org),5,1,0%,6/7/2026,-0.5684900579,57.30%
Math Foundations,Statistics and Probability,02 Displaying and comparing quantitative data (khanacademy.org),Displaying quantitative data with graphs (khanacademy.org),5,0,,,99,100.00%
Math Foundations,Statistics and Probability,02 Displaying and comparing quantitative data (khanacademy.org),Describing and comparing distributions (khanacademy.org),5,0,,,99,100.00%
Math Foundations,Statistics and Probability,02 Displaying and comparing quantitative data (khanacademy.org),More on data displays (khanacademy.org),5,0,,,99,100.00%
Math Foundations,Statistics and Probability,03 Summarizing quantitative data (Khan Academy),Measuring center in quantitative data (Khan Academy),5,1,0%,6/7/2026,-0.5702127431,57.30%
Math Foundations,Statistics and Probability,03 Summarizing quantitative data (Khan Academy),More on mean and median (Khan Academy),5,2,100%,4/17/2026,50.32727616,22.79%
Math Foundations,Statistics and Probability,03 Summarizing quantitative data (Khan Academy),Interquartile range (IQR) (Khan Academy),5,0,,,99,100.00%
Math Foundations,Statistics and Probability,03 Summarizing quantitative data (Khan Academy),Variance and standard deviation of a population (Khan Academy),5,1,100%,4/17/2026,50.33476389,25.30%
Math Foundations,Statistics and Probability,03 Summarizing quantitative data (Khan Academy),Variance and standard deviation of a sample (Khan Academy),5,0,,,99,100.00%
Math Foundations,Statistics and Probability,03 Summarizing quantitative data (Khan Academy),More on standard deviation (Khan Academy),5,1,100%,6/7/2026,-0.9001546875,7.18%
Math Foundations,Statistics and Probability,03 Summarizing quantitative data (Khan Academy),Box and whisker plots (Khan Academy),5,1,100%,6/7/2026,-0.5702100347,7.30%
Math Foundations,Statistics and Probability,03 Summarizing quantitative data (Khan Academy),Other measures of spread (Khan Academy),5,3,67%,4/17/2026,50.32728841,38.04%
Math Foundations,Statistics and Probability,04 Modeling data distributions (khanacademy.org),Percentiles (khanacademy.org),5,1,100%,6/7/2026,-0.5685082407,7.30%
Math Foundations,Statistics and Probability,04 Modeling data distributions (khanacademy.org),Z-scores (khanacademy.org),5,1,100%,6/7/2026,-0.9001525231,7.18%
Math Foundations,Statistics and Probability,04 Modeling data distributions (khanacademy.org),Effects of linear transformations (khanacademy.org),5,2,50%,4/17/2026,50.32728228,47.79%
Math Foundations,Statistics and Probability,04 Modeling data distributions (khanacademy.org),Density curves (khanacademy.org),5,1,100%,4/17/2026,50.32727938,25.29%
Math Foundations,Statistics and Probability,04 Modeling data distributions (khanacademy.org),Normal distributions and the empirical rule (khanacademy.org),5,0,,,99,100.00%
Math Foundations,Statistics and Probability,04 Modeling data distributions (khanacademy.org),Normal distribution calculations (khanacademy.org),5,1,0%,6/7/2026,-0.5702155093,57.30%
Math Foundations,Statistics and Probability,04 Modeling data distributions (khanacademy.org),More on normal distributions (khanacademy.org),5,2,100%,4/17/2026,50.32731024,22.79%
Math Foundations,Statistics and Probability,05 Exploring bivariate numerical data (khanacademy.org),Introduction to scatterplots (khanacademy.org),5,2,100%,6/7/2026,-0.8931836806,4.68%
Math Foundations,Statistics and Probability,05 Exploring bivariate numerical data (khanacademy.org),Correlation coefficients (khanacademy.org),5,0,,,99,100.00%
Math Foundations,Statistics and Probability,05 Exploring bivariate numerical data (khanacademy.org),Introduction to trend lines (khanacademy.org),5,0,,,99,100.00%
Math Foundations,Statistics and Probability,05 Exploring bivariate numerical data (khanacademy.org),Least-squares regression equations (khanacademy.org),5,2,100%,6/7/2026,-0.9001645486,4.68%
Math Foundations,Statistics and Probability,05 Exploring bivariate numerical data (khanacademy.org),Assessing the fit in least-squares regression (khanacademy.org),5,2,50%,4/17/2026,50.32728492,47.79%
Math Foundations,Statistics and Probability,05 Exploring bivariate numerical data (khanacademy.org),More on regression (khanacademy.org),5,0,,,99,100.00%
Math Foundations,Statistics and Probability,06 Study design (khanacademy.org),Lesson headings were not fully exposed in the live search snippet I could access. (khanacademy.org),5,2,100%,6/7/2026,-0.9001431944,4.68%
Math Foundations,Statistics and Probability,07 Probability (khanacademy.org),Basic theoretical probability (khanacademy.org),5,1,100%,4/17/2026,50.32731323,25.29%
Math Foundations,Statistics and Probability,07 Probability (khanacademy.org),Probability using sample spaces (khanacademy.org),5,2,50%,6/7/2026,-0.9001621296,29.68%
Math Foundations,Statistics and Probability,07 Probability (khanacademy.org),Basic set operations (khanacademy.org),5,0,,,99,100.00%
Math Foundations,Statistics and Probability,07 Probability (khanacademy.org),Experimental probability (khanacademy.org),5,0,,,99,100.00%
Math Foundations,Statistics and Probability,07 Probability (khanacademy.org),"Randomness, probability, and simulation (khanacademy.org)",5,0,,,99,100.00%
Math Foundations,Statistics and Probability,07 Probability (khanacademy.org),Addition rule (khanacademy.org),4,0,,,99,100.00%
Math Foundations,Statistics and Probability,07 Probability (khanacademy.org),Multiplication rule for independent events (khanacademy.org),4,0,,,99,100.00%
Math Foundations,Statistics and Probability,07 Probability (khanacademy.org),Multiplication rule for dependent events (khanacademy.org),3,0,,,99,100.00%
Math Foundations,Statistics and Probability,07 Probability (khanacademy.org),Conditional probability and independence (khanacademy.org),4,0,,,99,100.00%
Math Foundations,Statistics and Probability,"08 Counting, permutations, and combinations (khanacademy.org)",Counting principle and factorial (khanacademy.org),5,1,100%,6/7/2026,-0.9001411111,7.18%
Math Foundations,Statistics and Probability,"08 Counting, permutations, and combinations (khanacademy.org)",Permutations (khanacademy.org),5,0,,,99,100.00%
Math Foundations,Statistics and Probability,"08 Counting, permutations, and combinations (khanacademy.org)",Combinations (khanacademy.org),5,0,,,99,100.00%
Math Foundations,Statistics and Probability,"08 Counting, permutations, and combinations (khanacademy.org)",Combinatorics and probability (khanacademy.org),5,0,,,99,100.00%
Math Foundations,Statistics and Probability,09 Random variables (khanacademy.org),Discrete random variables (khanacademy.org),5,1,100%,6/7/2026,-0.8931854514,7.18%
Math Foundations,Statistics and Probability,09 Random variables (khanacademy.org),Continuous random variables (khanacademy.org),5,0,,,99,100.00%
Math Foundations,Statistics and Probability,09 Random variables (khanacademy.org),Transforming random variables (khanacademy.org),4,1,100%,4/17/2026,50.33476069,25.30%
Math Foundations,Statistics and Probability,09 Random variables (khanacademy.org),Combining random variables (khanacademy.org),5,0,,,99,100.00%
Math Foundations,Statistics and Probability,09 Random variables (khanacademy.org),Binomial random variables (khanacademy.org),5,1,100%,6/7/2026,-0.5702180787,7.30%
Math Foundations,Statistics and Probability,09 Random variables (khanacademy.org),Binomial mean and standard deviation formulas (khanacademy.org),5,0,,,99,100.00%
Math Foundations,Statistics and Probability,09 Random variables (khanacademy.org),Geometric random variables (khanacademy.org),5,0,,,99,100.00%
Math Foundations,Statistics and Probability,09 Random variables (khanacademy.org),More on expected value (khanacademy.org),4,1,100%,4/17/2026,50.33474865,25.30%
Math Foundations,Statistics and Probability,09 Random variables (khanacademy.org),Poisson distribution (Khan Academy),5,0,,,99,100.00%
Math Foundations,Statistics and Probability,10 Sampling distributions (khanacademy.org),What is a sampling distribution? (khanacademy.org),5,0,,,99,100.00%
Math Foundations,Statistics and Probability,10 Sampling distributions (khanacademy.org),Sampling distribution of a sample proportion (khanacademy.org),5,0,,,99,100.00%
Math Foundations,Statistics and Probability,10 Sampling distributions (khanacademy.org),Sampling distribution of a sample mean (khanacademy.org),5,0,,,99,100.00%
Math Foundations,Statistics and Probability,11 Confidence intervals (khanacademy.org),Introduction to confidence intervals (khanacademy.org),5,0,,,99,100.00%
Math Foundations,Statistics and Probability,11 Confidence intervals (khanacademy.org),Estimating a population proportion (khanacademy.org),5,0,,,99,100.00%
Math Foundations,Statistics and Probability,11 Confidence intervals (khanacademy.org),Estimating a population mean (khanacademy.org),5,0,,,99,100.00%
Math Foundations,Statistics and Probability,11 Confidence intervals (khanacademy.org),More confidence interval videos (khanacademy.org),4,0,,,99,100.00%
Math Foundations,Statistics and Probability,12 Significance tests (hypothesis testing) (khanacademy.khanacademy.org),The idea of significance tests (khanacademy.khanacademy.org),5,0,,,99,100.00%
Math Foundations,Statistics and Probability,12 Significance tests (hypothesis testing) (khanacademy.khanacademy.org),Error probabilities and power (khanacademy.org),4,1,100%,4/17/2026,50.32732828,25.29%
Math Foundations,Statistics and Probability,12 Significance tests (hypothesis testing) (khanacademy.khanacademy.org),Tests about a population proportion (khanacademy.org),5,0,,,99,100.00%
Math Foundations,Statistics and Probability,12 Significance tests (hypothesis testing) (khanacademy.khanacademy.org),Tests about a population mean (Khan Academy),5,0,,,99,100.00%
Math Foundations,Statistics and Probability,12 Significance tests (hypothesis testing) (khanacademy.khanacademy.org),More significance testing videos (khanacademy.org),5,0,,,99,100.00%
Math Foundations,Statistics and Probability,13 Two-sample inference for the difference between groups (httpswww.khanacademy.org),Comparing two proportions (httpswww.khanacademy.org),5,1,100%,4/17/2026,50.33475205,25.30%
Math Foundations,Statistics and Probability,13 Two-sample inference for the difference between groups (httpswww.khanacademy.org),Comparing two means (httpswww.khanacademy.org),4,0,,,99,100.00%
Math Foundations,Statistics and Probability,14 Inference for categorical data (chi-square tests) (khanacademy.org),Chi-square goodness-of-fit tests (khanacademy.org),5,0,,,99,100.00%
Math Foundations,Statistics and Probability,14 Inference for categorical data (chi-square tests) (khanacademy.org),Chi-square tests for relationships (khanacademy.org),5,1,100%,4/17/2026,50.33475547,25.30%
Math Foundations,Statistics and Probability,15 Advanced regression (inference and transforming) (khanacademy.org),Inference about slope (khanacademy.org),5,0,,,99,100.00%
Math Foundations,Statistics and Probability,15 Advanced regression (inference and transforming) (khanacademy.org),Nonlinear regression (khanacademy.org),5,0,,,99,100.00%
Math Foundations,Statistics and Probability,16 Analysis of variance (ANOVA) (khanacademy.org),Analysis of variance (ANOVA) (khanacademy.org),5,0,,,99,100.00%
Machine Learning,StatQuest ML,Decision Trees,Decision Trees,5,0,,,99,100.00%
Machine Learning,StatQuest ML,Support Vector Machines,Maximal Margin Classifier,5,0,,,99,100.00%
Machine Learning,StatQuest ML,Support Vector Machines,Margin and Why It Matters,5,0,,,99,100.00%
Machine Learning,StatQuest ML,Support Vector Machines,Sensitivity of Maximal Margin Classifiers to Outliers,4,0,,,99,100.00%
Machine Learning,StatQuest ML,Support Vector Machines,Soft Margins,5,0,,,99,100.00%
Machine Learning,StatQuest ML,Support Vector Machines,Bias-Variance Tradeoff in SVMs,5,0,,,99,100.00%
Machine Learning,StatQuest ML,Support Vector Machines,Support Vector Classifier,5,0,,,99,100.00%
Machine Learning,StatQuest ML,Support Vector Machines,Support Vectors,5,0,,,99,100.00%
Machine Learning,StatQuest ML,Support Vector Machines,Linear Decision Boundaries as Hyperplanes,5,0,,,99,100.00%
Machine Learning,StatQuest ML,Support Vector Machines,When Linear Classifiers Fail,5,0,,,99,100.00%
Machine Learning,StatQuest ML,Support Vector Machines,Core Idea of Support Vector Machines,5,1,100%,6/7/2026,-0.901938669,7.18%
Machine Learning,StatQuest ML,Support Vector Machines,Mapping Data to Higher Dimensions,5,0,,,99,100.00%
Machine Learning,StatQuest ML,Support Vector Machines,Finding a Support Vector Classifier in Higher Dimensions,4,0,,,99,100.00%
Machine Learning,StatQuest ML,Support Vector Machines,Kernel Functions,5,3,100%,6/7/2026,-0.9069147222,3.43%
Machine Learning,StatQuest ML,Support Vector Machines,Polynomial Kernel,5,0,,,99,100.00%
Machine Learning,StatQuest ML,Support Vector Machines,Kernel Degree and Feature Space Complexity,5,1,0%,6/7/2026,-0.9035203819,57.18%
Machine Learning,StatQuest ML,Support Vector Machines,Using Cross-Validation to Tune Kernel Parameters,5,0,,,99,100.00%
Machine Learning,StatQuest ML,Support Vector Machines,Radial Basis Function (RBF) Kernel,5,1,0%,6/7/2026,-0.5628234722,57.30%
Machine Learning,StatQuest ML,Support Vector Machines,RBF Kernel as Weighted Nearest Neighbors,5,2,50%,6/7/2026,-0.5628410648,29.80%
Machine Learning,StatQuest ML,Support Vector Machines,Gamma and Local Influence in the RBF Kernel,5,0,,,99,100.00%
Machine Learning,StatQuest ML,Support Vector Machines,Distance-Based Similarity in the RBF Kernel,5,2,100%,6/7/2026,-0.576297338,4.80%
Machine Learning,StatQuest ML,Support Vector Machines,The Kernel Trick,5,0,,,99,100.00%
Machine Learning,StatQuest ML,Support Vector Machines,High-Dimensional Relationships Without Explicit Transformation,4,1,100%,6/7/2026,-0.5628384028,7.30%
Machine Learning,StatQuest ML,Support Vector Machines,Why Kernels Make SVMs Computationally Feasible,5,2,100%,6/7/2026,-0.8058043519,4.72%
Machine Learning,StatQuest ML,Support Vector Machines,How Polynomial Kernels Implicitly Create New Features,4,0,,,99,100.00%
Machine Learning,StatQuest ML,Support Vector Machines,How RBF Kernels Correspond to Infinite-Dimensional Feature Spaces,4,0,,,99,100.00%
Machine Learning,StatQuest ML,Support Vector Machines,Support Vector Machines for Nonlinear Classification,5,0,,,99,100.00%
Machine Learning,StatQuest ML,Decision Trees,Classification Trees vs. Regression Trees,5,1,100%,6/7/2026,-0.9019408912,7.18%
Machine Learning,StatQuest ML,Decision Trees,"Root Nodes, Internal Nodes, and Leaf Nodes",5,0,,,99,100.00%
Machine Learning,StatQuest ML,Decision Trees,How Classification Trees Make Decisions,5,0,,,99,100.00%
Machine Learning,StatQuest ML,Decision Trees,Gini Impurity,5,0,,,99,100.00%
Machine Learning,StatQuest ML,Decision Trees,Weighted Gini Impurity for Splits,5,1,100%,6/7/2026,-0.56284375,7.30%
Machine Learning,StatQuest ML,Decision Trees,Choosing the Best Split in a Classification Tree,5,0,,,99,100.00%
Machine Learning,StatQuest ML,Decision Trees,Handling Numeric Features in Decision Trees,5,0,,,99,100.00%
Machine Learning,StatQuest ML,Decision Trees,Threshold Selection for Continuous Variables,5,0,,,99,100.00%
Machine Learning,StatQuest ML,Decision Trees,Recursive Tree Growth,5,0,,,99,100.00%
Machine Learning,StatQuest ML,Decision Trees,Leaf Output as Majority Class,5,0,,,99,100.00%
Machine Learning,StatQuest ML,Decision Trees,Overfitting in Decision Trees,5,0,,,99,100.00%
Machine Learning,StatQuest ML,Decision Trees,Limiting Tree Growth,5,0,,,99,100.00%
Machine Learning,StatQuest ML,Decision Trees,Pruning in Decision Trees,5,0,,,99,100.00%
Machine Learning,StatQuest ML,Decision Trees,Automatic Feature Selection in Trees,5,0,,,99,100.00%
Machine Learning,StatQuest ML,Decision Trees,Missing Data Strategies for Trees,5,0,,,99,100.00%
Machine Learning,StatQuest ML,Decision Trees,Regression Trees,5,0,,,99,100.00%
Machine Learning,StatQuest ML,Decision Trees,Leaves as Numeric Predictions,5,1,100%,6/7/2026,-0.9069093866,7.18%
Machine Learning,StatQuest ML,Decision Trees,Regression Tree Predictions as Leaf Averages,5,0,,,99,100.00%
Machine Learning,StatQuest ML,Decision Trees,Sum of Squared Residuals for Split Selection,5,1,100%,6/7/2026,-0.9035124769,7.18%
Machine Learning,StatQuest ML,Decision Trees,Choosing the Best Split in a Regression Tree,5,1,100%,6/7/2026,-0.9069168634,7.18%
Machine Learning,StatQuest ML,Decision Trees,Building Regression Trees with Multiple Predictors,5,0,,,99,100.00%
Machine Learning,StatQuest ML,Decision Trees,Bias-Variance Tradeoff in Regression Trees,5,0,,,99,100.00%
Machine Learning,StatQuest ML,Decision Trees,Minimum Samples per Leaf / Node,5,1,100%,6/7/2026,-0.8057771296,7.22%
Machine Learning,StatQuest ML,Decision Trees,Cost Complexity Pruning,5,0,,,99,100.00%
Machine Learning,StatQuest ML,Decision Trees,Tree Complexity Penalty,5,0,,,99,100.00%
Machine Learning,StatQuest ML,Decision Trees,Alpha as the Pruning Hyperparameter,5,2,100%,6/7/2026,-0.9035232755,4.68%
Machine Learning,StatQuest ML,Decision Trees,Using Cross-Validation to Choose Alpha,5,0,,,99,100.00%
Machine Learning,StatQuest ML,Decision Trees,Selecting the Final Pruned Tree,5,0,,,99,100.00%
Machine Learning,StatQuest ML,Gradient Boost,Gradient Boosting for Regression,5,0,,,99,100.00%
Machine Learning,StatQuest ML,Gradient Boost,Gradient Boosting vs. AdaBoost,5,0,,,99,100.00%
Machine Learning,StatQuest ML,Gradient Boost,Initial Prediction in Gradient Boosting,5,0,,,99,100.00%
Machine Learning,StatQuest ML,Gradient Boost,Pseudo-Residuals,5,0,,,99,100.00%
Machine Learning,StatQuest ML,Gradient Boost,Fitting Trees to Residuals,5,0,,,99,100.00%
Machine Learning,StatQuest ML,Gradient Boost,Learning Rate in Gradient Boosting,5,0,,,99,100.00%
Machine Learning,StatQuest ML,Gradient Boost,Why Gradient Boost Takes Small Steps,5,0,,,99,100.00%
Machine Learning,StatQuest ML,Gradient Boost,Sequential Error Correction in Boosting,4,0,,,99,100.00%
Machine Learning,StatQuest ML,Gradient Boost,Final Prediction as Sum of Trees,5,0,,,99,100.00%
Machine Learning,StatQuest ML,Gradient Boost,Loss Function for Gradient Boost Regression,5,0,,,99,100.00%
Machine Learning,StatQuest ML,Gradient Boost,Why Squared Error Works for Gradient Boosting,4,0,,,99,100.00%
Machine Learning,StatQuest ML,Gradient Boost,Why the Gradient Equals the Negative Residual,4,0,,,99,100.00%
Machine Learning,StatQuest ML,Gradient Boost,Gradient Boost Algorithm Steps,5,0,,,99,100.00%
Machine Learning,StatQuest ML,Gradient Boost,Initializing with a Constant Value,4,0,,,99,100.00%
Machine Learning,StatQuest ML,Gradient Boost,Building Trees Iteratively,5,0,,,99,100.00%
Machine Learning,StatQuest ML,Gradient Boost,Optimizing Leaf Output Values,5,0,,,99,100.00%
Machine Learning,StatQuest ML,Gradient Boost,Updating Predictions After Each Tree,4,0,,,99,100.00%
Machine Learning,StatQuest ML,Gradient Boost,Gradient in Gradient Boosting,4,0,,,99,100.00%
Machine Learning,StatQuest ML,Gradient Boost,Gradient Boosting for Classification,5,0,,,99,100.00%
Machine Learning,StatQuest ML,Gradient Boost,Initial Log-Odds Prediction,5,1,100%,6/7/2026,-0.9019431481,7.18%
Machine Learning,StatQuest ML,Gradient Boost,Converting Log-Odds to Probability,10,0,,,99,100.00%
Machine Learning,StatQuest ML,Gradient Boost,Classification Residuals in Gradient Boosting,5,0,,,99,100.00%
Machine Learning,StatQuest ML,Gradient Boost,Trees for Classification Residuals,5,0,,,99,100.00%
Machine Learning,StatQuest ML,Gradient Boost,Leaf Output Transformation for Classification,5,0,,,99,100.00%
Machine Learning,StatQuest ML,Gradient Boost,Updating Log-Odds with New Trees,5,0,,,99,100.00%
Machine Learning,StatQuest ML,Gradient Boost,Logistic Function in Gradient Boost Classification,5,0,,,99,100.00%
Machine Learning,StatQuest ML,Gradient Boost,Final Classification from Predicted Probability,5,0,,,99,100.00%
Machine Learning,StatQuest ML,Gradient Boost,Negative Log-Likelihood Loss,5,2,100%,6/7/2026,-0.9019452778,4.68%
Machine Learning,StatQuest ML,Gradient Boost,Why Gradient Boost Uses Differentiable Loss Functions,4,0,,,99,100.00%
Machine Learning,StatQuest ML,Gradient Boost,First and Second Derivatives in Gradient Boost Classification,5,0,,,99,100.00%
Machine Learning,StatQuest ML,Gradient Boost,Newton-Style Leaf Updates in Classification Boosting,5,0,,,99,100.00%
Machine Learning,StatQuest ML,Gradient Boost,Regression vs. Classification Gradient Boosting,5,0,,,99,100.00%
Machine Learning,StatQuest ML,Gradient Boost,Shrinkage via Learning Rate,5,0,,,99,100.00%
Machine Learning,StatQuest ML,Gradient Boost,Ensemble Prediction as Additive Modeling,5,0,,,99,100.00%
Machine Learning,StatQuest ML,Xgboost,XGBoost for Regression,5,2,100%,4/14/2026,53.96140684,24.08%
Machine Learning,StatQuest ML,Xgboost,XGBoost vs. Gradient Boosting,10,1,100%,4/17/2026,50.3357722,25.30%
Machine Learning,StatQuest ML,Xgboost,Initial Prediction in XGBoost,10,1,0%,4/17/2026,50.33576602,75.30%
Machine Learning,StatQuest ML,Xgboost,XGBoost Trees,5,0,,,99,100.00%
Machine Learning,StatQuest ML,Xgboost,Residuals in XGBoost,10,0,,,99,100.00%
Machine Learning,StatQuest ML,Xgboost,Similarity Score,10,3,100%,4/14/2026,53.96148336,22.83%
Machine Learning,StatQuest ML,Xgboost,Gain in XGBoost,10,2,100%,4/14/2026,53.96143775,24.08%
Machine Learning,StatQuest ML,Xgboost,Choosing Splits with Gain,10,3,100%,4/14/2026,53.9614023,22.83%
Machine Learning,StatQuest ML,Xgboost,Tree Depth Constraints in XGBoost,10,1,100%,4/17/2026,50.3357694,25.30%
Machine Learning,StatQuest ML,Xgboost,Pruning with Gamma,9,2,100%,4/14/2026,53.96144794,24.08%
Machine Learning,StatQuest ML,Xgboost,Regularization with Lambda,5,1,100%,4/17/2026,50.33577602,25.30%
Machine Learning,StatQuest ML,Xgboost,How Lambda Shrinks Similarity Scores,5,3,100%,4/14/2026,53.96140973,22.83%
Machine Learning,StatQuest ML,Xgboost,How Lambda Shrinks Leaf Output Values,10,0,,,99,100.00%
Machine Learning,StatQuest ML,Xgboost,Output Values for XGBoost Leaves,5,0,,,99,100.00%
Machine Learning,StatQuest ML,Xgboost,Learning Rate in XGBoost,4,3,100%,4/14/2026,53.96146133,22.83%
Machine Learning,StatQuest ML,Xgboost,Updating Predictions in XGBoost,5,0,,,99,100.00%
Machine Learning,StatQuest ML,Xgboost,Sequential Residual Correction in XGBoost,5,4,100%,4/14/2026,53.96142006,22.08%
Machine Learning,StatQuest ML,Xgboost,Cover in XGBoost,5,0,,,99,100.00%
Machine Learning,StatQuest ML,Xgboost,Minimum Child Weight,5,0,,,99,100.00%
Machine Learning,StatQuest ML,Xgboost,XGBoost for Classification,10,0,,,99,100.00%
Machine Learning,StatQuest ML,Xgboost,Initial Probability Prediction in Classification,10,0,,,99,100.00%
Machine Learning,StatQuest ML,Xgboost,Classification Residuals in XGBoost,5,0,,,99,100.00%
Machine Learning,StatQuest ML,Xgboost,Similarity Score for Classification Trees,5,0,,,99,100.00%
Machine Learning,StatQuest ML,Xgboost,Gain for Classification Splits,5,1,100%,4/17/2026,50.33577765,25.30%
Machine Learning,StatQuest ML,Xgboost,Cover as a Constraint in Classification Trees,5,4,100%,4/14/2026,53.96142584,22.08%
Machine Learning,StatQuest ML,Xgboost,Leaf Output Formula for Classification,5,0,,,99,100.00%
Machine Learning,StatQuest ML,Xgboost,Converting Log-Odds to Probability,10,0,,,99,100.00%
Machine Learning,StatQuest ML,Xgboost,Logistic Function in XGBoost Classification,4,0,,,99,100.00%
Machine Learning,StatQuest ML,Xgboost,Gamma as Tree Complexity Control,4,4,75%,4/14/2026,53.96138863,34.58%
Machine Learning,StatQuest ML,Xgboost,Lambda as Observation-Sensitivity Control,5,0,,,99,100.00%
Machine Learning,StatQuest ML,Xgboost,Regression vs. Classification in XGBoost,5,0,,,99,100.00%
Machine Learning,StatQuest ML,Xgboost,Additive Tree-Based Prediction in XGBoost,5,0,,,99,100.00%
Machine Learning,StatQuest ML,Xgboost,Regularization and Pruning in XGBoost Trees,5,0,,,99,100.00%
Math Foundations,Trigonometry,01 Right triangles & trigonometry,Modeling with right triangles,5,1,100%,4/19/2026,48.27483792,24.57%
Math Foundations,Trigonometry,01 Right triangles & trigonometry,Introduction to the trigonometric ratios,5,2,100%,4/19/2026,48.27485381,22.07%
Math Foundations,Trigonometry,01 Right triangles & trigonometry,Solving for a side in a right triangle,5,2,100%,6/7/2026,-0.8987476273,4.68%
Math Foundations,Trigonometry,01 Right triangles & trigonometry,Solving for an angle in a right triangle,5,1,100%,4/19/2026,48.27485741,24.57%
Math Foundations,Trigonometry,01 Right triangles & trigonometry,Sine and cosine of complementary angles,5,2,100%,4/19/2026,48.27484045,22.07%
Math Foundations,Trigonometry,01 Right triangles & trigonometry,"The reciprocal trigonometric ratios (Cosecant, Secant, Cotangent)",5,1,100%,6/7/2026,-0.8987314815,7.18%
Math Foundations,Trigonometry,02 Trigonometric functions,"Trig values of special angles (π/6,π/4,π/3)",5,1,0%,6/7/2026,-0.8987517593,57.18%
Math Foundations,Trigonometry,02 Trigonometric functions,"Amplitude, midline, and period of sinusoidal functions",4,1,100%,6/7/2026,-0.5702086343,7.30%
Math Foundations,Trigonometry,02 Trigonometric functions,Transforming and graphing sinusoidal functions,5,0,,,99,100.00%
Math Foundations,Trigonometry,02 Trigonometric functions,Modeling with sinusoidal functions (including phase shift),5,1,100%,4/19/2026,48.42616028,24.62%
Math Foundations,Trigonometry,02 Trigonometric functions,Unit circle introduction,5,1,100%,6/7/2026,-0.8987117245,7.18%
Math Foundations,Trigonometry,02 Trigonometric functions,Radians & Degrees,5,1,100%,4/19/2026,48.42617073,24.62%
Math Foundations,Trigonometry,02 Trigonometric functions,The Pythagorean identity,5,1,100%,6/7/2026,-0.898712963,7.18%
Math Foundations,Trigonometry,02 Trigonometric functions,"Graphs of sin(x),cos(x), and tan(x)",5,0,,,99,100.00%
Math Foundations,Trigonometry,03 Non-right triangles & trigonometry,Law of sines,5,1,100%,4/19/2026,48.42616693,24.62%
Math Foundations,Trigonometry,03 Non-right triangles & trigonometry,Law of cosines,3,1,100%,6/7/2026,-0.8987272106,7.18%
Math Foundations,Trigonometry,03 Non-right triangles & trigonometry,Solving general triangles and word problems,5,0,,,99,100.00%
Math Foundations,Trigonometry,04 Trigonometric equations and identities,Inverse trigonometric functions,5,1,0%,6/7/2026,-0.8987358796,57.18%
Math Foundations,Trigonometry,04 Trigonometric equations and identities,Solving sinusoidal equations,5,1,100%,4/19/2026,48.42616363,24.62%
Math Foundations,Trigonometry,04 Trigonometric equations and identities,Trigonometric angle addition identities,4,1,0%,6/7/2026,-0.8987294097,57.18%
Math Foundations,Trigonometry,04 Trigonometric equations and identities,Using trigonometric identities to solve problems,5,1,100%,6/7/2026,-0.8987496528,7.18%